-- Product
INSERT INTO Product (productCode, productName)
VALUES
    ('P-001', '자동차 브레이크 패드'),
    ('P-002', '엔진 오일 필터'),
    ('P-003', '알루미늄 하우징'),
    ('P-004', '기어 샤프트'),
    ('P-005', '베어링 케이스'),
    ('P-006', '모터 커버'),
    ('P-007', '배터리 프레임'),
    ('P-008', '전장 커넥터'),
    ('P-009', '센서 모듈'),
    ('P-010', '제어 보드'),
    ('P-011', '스틸 플레이트'),
    ('P-012', '정밀 가공 부품'),
    ('P-013', '유압 밸브'),
    ('P-014', '실린더 블록'),
    ('P-015', '펌프 하우징'),
    ('P-016', '로봇 암 조인트'),
    ('P-017', '반도체 장비 부품'),
    ('P-018', '카메라 모듈 프레임'),
    ('P-019', '산업용 컨트롤러'),
    ('P-020', '스마트 센서 키트');

-- Equipment
INSERT INTO Equipment (equipmentName, status)
VALUES
    ('CNC-01', 'IDLE'),
    ('CNC-02', 'IDLE'),
    ('CNC-03', 'IDLE'),
    ('PRESS-01', 'IDLE'),
    ('PRESS-02', 'IDLE'),
    ('LASER-01', 'IDLE'),
    ('LASER-02', 'IDLE'),
    ('ROBOT-01', 'IDLE'),
    ('ASSEMBLY-01', 'IDLE'),
    ('PACKING-01', 'IDLE');

INSERT INTO EquipmentProduct
(equipmentId, productId, hourlyCapacity)
VALUES

-- CNC-01
(1, 3, 40),
(1, 4, 35),
(1, 12, 30),
(1, 14, 28),
-- 추가
(1, 6, 38),
(1, 18, 32),

-- CNC-02
(2, 5, 45),
(2, 13, 38),
(2, 15, 32),
(2, 17, 25),
-- 추가
(2, 8, 30),
(2, 9, 35),
(2, 10, 28),
(2, 12, 25),

-- CNC-03
(3, 6, 42),
(3, 16, 26),
(3, 18, 36),
-- 추가
(3, 5, 35),
(3, 13, 30),
(3, 15, 35),
(3, 17, 28),

-- PRESS-01
(4, 1, 120),
(4, 7, 90),
(4, 11, 150),
-- 추가
(4, 2, 95),
(4, 8, 90),
(4, 9, 95),
(4, 10, 80),
(4, 19, 70),
(4, 20, 75),

-- PRESS-02
(5, 7, 95),
(5, 11, 160),
(5, 3, 60),
-- 추가
(5, 1, 110),
(5, 2, 85),

-- LASER-01
(6, 7, 70),
(6, 11, 140),
(6, 18, 55),
-- 추가
(6, 1, 90),
(6, 8, 75),
(6, 9, 65),
(6, 10, 55),
(6, 19, 55),
(6, 20, 60),

-- LASER-02
(7, 3, 65),
(7, 15, 40),
(7, 17, 30),
-- 추가
(7, 4, 45),
(7, 12, 40),
(7, 14, 40),

-- ROBOT-01
(8, 2, 80),
(8, 8, 100),
(8, 9, 70),
(8, 10, 60),
(8, 19, 45),
(8, 20, 50),
-- 추가
(8, 3, 70),
(8, 4, 50),
(8, 5, 60),
(8, 6, 55),
(8, 7, 85),
(8, 12, 45),
(8, 13, 50),
(8, 14, 50),
(8, 16, 45),

-- ASSEMBLY-01
(9, 1, 100),
(9, 2, 90),
(9, 9, 65),
(9, 10, 55),
(9, 19, 40),
(9, 20, 45),
-- 추가
(9, 3, 50),
(9, 4, 55),
(9, 5, 50),
(9, 6, 45),
(9, 8, 75),
(9, 11, 130),
(9, 12, 40),
(9, 13, 45),
(9, 14, 45),
(9, 15, 45),
(9, 16, 40),
(9, 17, 35),
(9, 18, 45);


-- ProductPlan (500)
INSERT INTO ProductPlan (planId, productId, planDate, dueDate, targetQty, status) VALUES
(1, 6, '2026-04-13', '2026-04-16', 500, 'DONE'),
(2, 1, '2026-04-27', '2026-04-29', 1000, 'DONE'),
(3, 14, '2026-05-12', '2026-05-17', 500, 'DONE'),
(4, 6, '2026-02-17', '2026-02-18', 400, 'DONE'),
(5, 8, '2026-03-06', '2026-03-10', 1000, 'DONE'),
(6, 2, '2026-03-12', '2026-03-16', 300, 'DONE'),
(7, 8, '2026-03-17', '2026-03-20', 900, 'DONE'),
(8, 14, '2026-06-18', '2026-06-23', 600, 'DONE'),
(9, 7, '2026-05-21', '2026-05-23', 600, 'CANCEL'),
(10, 18, '2026-08-13', '2026-08-18', 100, 'WAIT'),
(11, 14, '2026-05-07', '2026-05-09', 200, 'DONE'),
(12, 1, '2026-07-02', '2026-07-04', 200, 'DONE'),
(13, 7, '2026-03-28', '2026-04-01', 700, 'DONE'),
(14, 3, '2026-03-11', '2026-03-12', 800, 'DONE'),
(15, 14, '2026-07-15', '2026-07-19', 200, 'RUN'),
(16, 8, '2026-03-26', '2026-03-31', 200, 'CANCEL'),
(17, 14, '2026-02-27', '2026-03-04', 700, 'DONE'),
(18, 4, '2026-06-12', '2026-06-16', 300, 'DONE'),
(19, 7, '2026-03-02', '2026-03-07', 100, 'DONE'),
(20, 18, '2026-04-08', '2026-04-12', 600, 'DONE'),
(21, 14, '2026-08-22', '2026-08-24', 800, 'WAIT'),
(22, 17, '2026-05-19', '2026-05-20', 500, 'DONE'),
(23, 3, '2026-03-10', '2026-03-14', 900, 'DONE'),
(24, 7, '2026-05-01', '2026-05-06', 800, 'DONE'),
(25, 17, '2026-08-24', '2026-08-28', 300, 'CANCEL'),
(26, 15, '2026-05-13', '2026-05-15', 500, 'DONE'),
(27, 8, '2026-07-23', '2026-07-28', 200, 'WAIT'),
(28, 12, '2026-06-27', '2026-06-29', 500, 'CANCEL'),
(29, 11, '2026-04-14', '2026-04-16', 700, 'DONE'),
(30, 5, '2026-03-14', '2026-03-17', 900, 'DONE'),
(31, 11, '2026-05-09', '2026-05-10', 600, 'DONE'),
(32, 6, '2026-02-23', '2026-02-26', 100, 'DONE'),
(33, 9, '2026-03-18', '2026-03-19', 100, 'DONE'),
(34, 11, '2026-09-09', '2026-09-12', 100, 'WAIT'),
(35, 10, '2026-06-21', '2026-06-26', 700, 'DONE'),
(36, 9, '2026-03-16', '2026-03-21', 600, 'DONE'),
(37, 6, '2026-07-12', '2026-07-16', 900, 'DONE'),
(38, 19, '2026-09-10', '2026-09-14', 1000, 'WAIT'),
(39, 15, '2026-05-30', '2026-05-31', 100, 'DONE'),
(40, 17, '2026-04-02', '2026-04-03', 700, 'DONE'),
(41, 13, '2026-05-04', '2026-05-05', 700, 'DONE'),
(42, 20, '2026-07-04', '2026-07-05', 200, 'DONE'),
(43, 3, '2026-07-14', '2026-07-18', 400, 'DONE'),
(44, 8, '2026-07-08', '2026-07-10', 600, 'DONE'),
(45, 14, '2026-06-13', '2026-06-15', 700, 'CANCEL'),
(46, 4, '2026-06-19', '2026-06-22', 400, 'DONE'),
(47, 15, '2026-03-01', '2026-03-03', 300, 'DONE'),
(48, 15, '2026-08-07', '2026-08-10', 1000, 'WAIT'),
(49, 1, '2026-06-10', '2026-06-14', 400, 'DONE'),
(50, 1, '2026-09-07', '2026-09-11', 700, 'WAIT'),
(51, 9, '2026-06-05', '2026-06-10', 100, 'DONE'),
(52, 4, '2026-03-12', '2026-03-13', 400, 'CANCEL'),
(53, 1, '2026-08-19', '2026-08-23', 200, 'WAIT'),
(54, 13, '2026-06-11', '2026-06-15', 300, 'DONE'),
(55, 4, '2026-04-29', '2026-05-03', 400, 'DONE'),
(56, 17, '2026-04-09', '2026-04-11', 500, 'DONE'),
(57, 20, '2026-03-25', '2026-03-26', 200, 'DONE'),
(58, 14, '2026-08-01', '2026-08-02', 300, 'WAIT'),
(59, 1, '2026-08-31', '2026-09-04', 1000, 'WAIT'),
(60, 15, '2026-06-17', '2026-06-19', 600, 'DONE'),
(61, 11, '2026-07-19', '2026-07-20', 900, 'WAIT'),
(62, 12, '2026-05-31', '2026-06-05', 300, 'DONE'),
(63, 3, '2026-08-23', '2026-08-24', 500, 'WAIT'),
(64, 17, '2026-06-28', '2026-06-30', 700, 'DONE'),
(65, 16, '2026-06-23', '2026-06-24', 900, 'DONE'),
(66, 20, '2026-06-03', '2026-06-07', 700, 'DONE'),
(67, 17, '2026-07-15', '2026-07-16', 400, 'RUN'),
(68, 7, '2026-05-05', '2026-05-09', 600, 'DONE'),
(69, 18, '2026-05-14', '2026-05-15', 600, 'DONE'),
(70, 2, '2026-02-24', '2026-02-26', 500, 'DONE'),
(71, 3, '2026-08-15', '2026-08-18', 100, 'WAIT'),
(72, 18, '2026-03-15', '2026-03-19', 400, 'DONE'),
(73, 3, '2026-09-13', '2026-09-18', 800, 'WAIT'),
(74, 16, '2026-08-08', '2026-08-12', 900, 'WAIT'),
(75, 20, '2026-02-18', '2026-02-21', 100, 'DONE'),
(76, 3, '2026-05-15', '2026-05-17', 700, 'DONE'),
(77, 11, '2026-07-11', '2026-07-16', 800, 'DONE'),
(78, 14, '2026-03-20', '2026-03-25', 600, 'DONE'),
(79, 13, '2026-03-27', '2026-04-01', 400, 'CANCEL'),
(80, 18, '2026-06-22', '2026-06-26', 200, 'DONE'),
(81, 9, '2026-04-07', '2026-04-09', 1000, 'DONE'),
(82, 4, '2026-08-16', '2026-08-17', 700, 'WAIT'),
(83, 19, '2026-07-29', '2026-08-02', 100, 'WAIT'),
(84, 17, '2026-03-13', '2026-03-14', 700, 'DONE'),
(85, 15, '2026-08-13', '2026-08-14', 700, 'CANCEL'),
(86, 14, '2026-09-02', '2026-09-03', 800, 'WAIT'),
(87, 6, '2026-07-15', '2026-07-18', 400, 'RUN'),
(88, 1, '2026-07-15', '2026-07-19', 200, 'RUN'),
(89, 9, '2026-02-28', '2026-03-04', 200, 'DONE'),
(90, 3, '2026-06-09', '2026-06-11', 600, 'DONE'),
(91, 8, '2026-07-05', '2026-07-10', 1000, 'DONE'),
(92, 9, '2026-07-10', '2026-07-14', 200, 'DONE'),
(93, 19, '2026-08-04', '2026-08-05', 600, 'CANCEL'),
(94, 7, '2026-09-06', '2026-09-11', 500, 'WAIT'),
(95, 3, '2026-03-10', '2026-03-14', 800, 'CANCEL'),
(96, 3, '2026-07-15', '2026-07-19', 200, 'RUN'),
(97, 5, '2026-03-03', '2026-03-04', 400, 'DONE'),
(98, 1, '2026-04-22', '2026-04-25', 800, 'DONE'),
(99, 10, '2026-09-11', '2026-09-12', 400, 'WAIT'),
(100, 15, '2026-07-09', '2026-07-10', 700, 'DONE'),
(101, 7, '2026-05-22', '2026-05-24', 400, 'DONE'),
(102, 5, '2026-03-24', '2026-03-28', 200, 'DONE'),
(103, 15, '2026-09-05', '2026-09-09', 700, 'WAIT'),
(104, 1, '2026-04-24', '2026-04-28', 600, 'DONE'),
(105, 11, '2026-07-15', '2026-07-19', 300, 'RUN'),
(106, 1, '2026-05-28', '2026-06-02', 400, 'DONE'),
(107, 9, '2026-04-15', '2026-04-19', 300, 'DONE'),
(108, 1, '2026-04-05', '2026-04-06', 700, 'DONE'),
(109, 1, '2026-05-06', '2026-05-08', 1000, 'DONE'),
(110, 19, '2026-07-06', '2026-07-11', 100, 'DONE'),
(111, 18, '2026-09-12', '2026-09-13', 200, 'WAIT'),
(112, 10, '2026-05-11', '2026-05-15', 700, 'DONE'),
(113, 1, '2026-06-26', '2026-06-27', 300, 'DONE'),
(114, 4, '2026-04-11', '2026-04-14', 800, 'DONE'),
(115, 14, '2026-03-07', '2026-03-08', 900, 'DONE'),
(116, 12, '2026-05-29', '2026-06-02', 700, 'DONE'),
(117, 10, '2026-05-16', '2026-05-18', 1000, 'DONE'),
(118, 14, '2026-06-24', '2026-06-26', 800, 'DONE'),
(119, 7, '2026-08-02', '2026-08-03', 700, 'WAIT'),
(120, 9, '2026-06-01', '2026-06-03', 900, 'DONE'),
(121, 11, '2026-04-06', '2026-04-07', 600, 'DONE'),
(122, 3, '2026-03-21', '2026-03-25', 100, 'DONE'),
(123, 6, '2026-06-04', '2026-06-05', 500, 'DONE'),
(124, 9, '2026-05-17', '2026-05-21', 900, 'DONE'),
(125, 10, '2026-06-25', '2026-06-30', 800, 'DONE'),
(126, 3, '2026-03-29', '2026-04-02', 700, 'DONE'),
(127, 10, '2026-08-14', '2026-08-19', 200, 'WAIT'),
(128, 9, '2026-04-03', '2026-04-05', 400, 'DONE'),
(129, 7, '2026-03-31', '2026-04-05', 400, 'DONE'),
(130, 20, '2026-07-03', '2026-07-07', 500, 'DONE'),
(131, 19, '2026-06-14', '2026-06-19', 900, 'DONE'),
(132, 18, '2026-06-15', '2026-06-19', 400, 'DONE'),
(133, 7, '2026-02-26', '2026-02-28', 900, 'DONE'),
(134, 11, '2026-06-20', '2026-06-21', 600, 'DONE'),
(135, 5, '2026-05-03', '2026-05-06', 700, 'DONE'),
(136, 11, '2026-05-25', '2026-05-27', 500, 'DONE'),
(137, 11, '2026-06-08', '2026-06-13', 600, 'DONE'),
(138, 14, '2026-06-06', '2026-06-11', 100, 'DONE'),
(139, 20, '2026-04-10', '2026-04-14', 1000, 'DONE'),
(140, 12, '2026-06-13', '2026-06-16', 300, 'DONE'),
(141, 9, '2026-08-03', '2026-08-04', 100, 'WAIT'),
(142, 3, '2026-07-17', '2026-07-18', 1000, 'WAIT'),
(143, 20, '2026-03-27', '2026-03-29', 500, 'DONE'),
(144, 4, '2026-08-25', '2026-08-26', 700, 'WAIT'),
(145, 7, '2026-06-30', '2026-07-04', 500, 'DONE'),
(146, 15, '2026-07-15', '2026-07-17', 300, 'RUN'),
(147, 11, '2026-03-08', '2026-03-09', 500, 'DONE'),
(148, 20, '2026-07-01', '2026-07-04', 1000, 'DONE'),
(149, 18, '2026-08-17', '2026-08-19', 1000, 'WAIT'),
(150, 7, '2026-07-25', '2026-07-27', 800, 'WAIT'),
(151, 15, '2026-03-23', '2026-03-26', 500, 'DONE'),
(152, 19, '2026-04-18', '2026-04-22', 900, 'DONE'),
(153, 6, '2026-02-25', '2026-02-27', 400, 'DONE'),
(154, 9, '2026-03-19', '2026-03-21', 600, 'DONE'),
(155, 10, '2026-03-05', '2026-03-10', 1000, 'DONE'),
(156, 3, '2026-04-23', '2026-04-27', 100, 'DONE'),
(157, 7, '2026-03-30', '2026-03-31', 100, 'DONE'),
(158, 19, '2026-05-21', '2026-05-22', 500, 'DONE'),
(159, 9, '2026-07-15', '2026-07-17', 400, 'RUN'),
(160, 17, '2026-07-07', '2026-07-11', 800, 'DONE'),
(161, 12, '2026-06-16', '2026-06-18', 600, 'DONE'),
(162, 11, '2026-03-22', '2026-03-25', 600, 'DONE'),
(163, 8, '2026-04-19', '2026-04-24', 100, 'DONE'),
(164, 2, '2026-08-24', '2026-08-29', 600, 'WAIT'),
(165, 13, '2026-05-20', '2026-05-21', 900, 'DONE'),
(166, 10, '2026-03-09', '2026-03-11', 500, 'DONE'),
(167, 4, '2026-07-28', '2026-07-30', 600, 'WAIT'),
(168, 6, '2026-07-16', '2026-07-20', 400, 'WAIT'),
(169, 9, '2026-07-15', '2026-07-16', 200, 'RUN'),
(170, 20, '2026-05-02', '2026-05-03', 500, 'DONE'),
(171, 16, '2026-07-30', '2026-08-01', 500, 'WAIT'),
(172, 20, '2026-09-08', '2026-09-11', 500, 'WAIT'),
(173, 3, '2026-05-23', '2026-05-25', 900, 'DONE'),
(174, 1, '2026-07-21', '2026-07-23', 700, 'WAIT'),
(175, 13, '2026-06-16', '2026-06-18', 300, 'CANCEL'),
(176, 6, '2026-07-20', '2026-07-22', 400, 'WAIT'),
(177, 4, '2026-05-08', '2026-05-09', 1000, 'DONE'),
(178, 8, '2026-05-10', '2026-05-12', 1000, 'DONE'),
(179, 1, '2026-06-09', '2026-06-10', 700, 'CANCEL'),
(180, 10, '2026-02-20', '2026-02-25', 700, 'DONE'),
(181, 11, '2026-02-16', '2026-02-17', 700, 'DONE'),
(182, 19, '2026-05-26', '2026-05-29', 300, 'DONE'),
(183, 9, '2026-07-15', '2026-07-17', 200, 'DONE'),
(184, 4, '2026-07-15', '2026-07-16', 400, 'RUN'),
(185, 13, '2026-06-02', '2026-06-05', 700, 'DONE'),
(186, 15, '2026-05-27', '2026-05-31', 200, 'DONE'),
(187, 10, '2026-05-18', '2026-05-20', 700, 'DONE'),
(188, 3, '2026-02-19', '2026-02-23', 400, 'DONE'),
(189, 11, '2026-02-21', '2026-02-25', 900, 'DONE'),
(190, 11, '2026-04-26', '2026-04-27', 300, 'DONE'),
(191, 16, '2026-04-25', '2026-04-29', 500, 'DONE'),
(192, 2, '2026-04-21', '2026-04-25', 400, 'DONE'),
(193, 18, '2026-06-07', '2026-06-09', 400, 'DONE'),
(194, 15, '2026-02-22', '2026-02-26', 700, 'DONE'),
(195, 11, '2026-04-28', '2026-04-30', 100, 'DONE'),
(196, 18, '2026-04-09', '2026-04-10', 500, 'CANCEL'),
(197, 1, '2026-03-26', '2026-03-28', 500, 'DONE'),
(198, 9, '2026-03-04', '2026-03-07', 200, 'DONE'),
(199, 6, '2026-06-27', '2026-07-02', 400, 'DONE'),
(200, 1, '2026-07-22', '2026-07-27', 1000, 'WAIT'),
(201, 10, '2026-07-13', '2026-07-14', 200, 'DONE'),
(202, 6, '2026-04-16', '2026-04-21', 1000, 'DONE'),
(203, 3, '2026-04-04', '2026-04-07', 500, 'DONE'),
(204, 18, '2026-08-09', '2026-08-12', 100, 'WAIT'),
(205, 18, '2026-03-15', '2026-03-19', 800, 'CANCEL'),
(206, 6, '2026-04-20', '2026-04-24', 900, 'DONE'),
(207, 13, '2026-05-24', '2026-05-28', 200, 'DONE'),
(208, 6, '2026-08-12', '2026-08-14', 500, 'WAIT'),
(209, 4, '2026-06-29', '2026-07-03', 900, 'DONE'),
(210, 6, '2026-04-01', '2026-04-04', 1000, 'DONE'),
(211, 10, '2026-04-12', '2026-04-15', 700, 'DONE'),
(212, 15, '2026-04-30', '2026-05-02', 500, 'DONE'),
(213, 20, '2026-07-24', '2026-07-28', 1000, 'WAIT'),
(214, 15, '2026-07-15', '2026-07-17', 400, 'RUN'),
(215, 8, '2026-04-17', '2026-04-22', 500, 'DONE'),
(216, 18, '2026-02-15', '2026-02-17', 1000, 'DONE'),
(217, 6, '2026-04-13', '2026-04-15', 800, 'DONE'),
(218, 8, '2026-07-29', '2026-08-01', 800, 'CANCEL'),
(219, 7, '2026-04-27', '2026-04-29', 600, 'DONE'),
(220, 9, '2026-05-12', '2026-05-17', 400, 'DONE'),
(221, 8, '2026-02-17', '2026-02-19', 500, 'DONE'),
(222, 8, '2026-09-04', '2026-09-07', 600, 'WAIT'),
(223, 11, '2026-03-06', '2026-03-08', 600, 'DONE'),
(224, 19, '2026-03-12', '2026-03-15', 100, 'DONE'),
(225, 15, '2026-03-17', '2026-03-18', 400, 'DONE'),
(226, 6, '2026-06-18', '2026-06-21', 900, 'DONE'),
(227, 11, '2026-05-07', '2026-05-08', 700, 'DONE'),
(228, 20, '2026-07-02', '2026-07-06', 100, 'DONE'),
(229, 4, '2026-08-05', '2026-08-09', 700, 'WAIT'),
(230, 10, '2026-03-28', '2026-03-30', 700, 'DONE'),
(231, 19, '2026-07-27', '2026-07-31', 400, 'WAIT'),
(232, 15, '2026-03-11', '2026-03-14', 1000, 'DONE'),
(233, 13, '2026-02-27', '2026-02-28', 700, 'DONE'),
(234, 3, '2026-08-29', '2026-09-02', 500, 'WAIT'),
(235, 12, '2026-06-12', '2026-06-14', 300, 'DONE'),
(236, 10, '2026-07-31', '2026-08-03', 900, 'WAIT'),
(237, 3, '2026-03-02', '2026-03-07', 300, 'DONE'),
(238, 3, '2026-04-08', '2026-04-13', 900, 'DONE'),
(239, 9, '2026-05-19', '2026-05-21', 100, 'DONE'),
(240, 11, '2026-03-10', '2026-03-11', 1000, 'DONE'),
(241, 11, '2026-08-04', '2026-08-05', 400, 'WAIT'),
(242, 12, '2026-07-26', '2026-07-27', 100, 'WAIT'),
(243, 17, '2026-05-01', '2026-05-06', 1000, 'DONE'),
(244, 1, '2026-05-13', '2026-05-14', 200, 'DONE'),
(245, 8, '2026-04-14', '2026-04-17', 200, 'DONE'),
(246, 1, '2026-03-14', '2026-03-16', 200, 'DONE'),
(247, 3, '2026-05-09', '2026-05-13', 500, 'DONE'),
(248, 1, '2026-03-31', '2026-04-04', 1000, 'CANCEL'),
(249, 11, '2026-03-29', '2026-03-30', 300, 'CANCEL'),
(250, 14, '2026-02-23', '2026-02-25', 100, 'DONE'),
(251, 18, '2026-03-18', '2026-03-20', 900, 'DONE'),
(252, 10, '2026-06-21', '2026-06-26', 100, 'DONE'),
(253, 18, '2026-08-27', '2026-08-28', 900, 'WAIT'),
(254, 10, '2026-03-16', '2026-03-20', 500, 'DONE'),
(255, 16, '2026-07-12', '2026-07-17', 500, 'DONE'),
(256, 1, '2026-05-30', '2026-05-31', 500, 'DONE'),
(257, 7, '2026-07-18', '2026-07-20', 100, 'WAIT'),
(258, 4, '2026-04-02', '2026-04-07', 200, 'DONE'),
(259, 10, '2026-08-06', '2026-08-08', 600, 'WAIT'),
(260, 1, '2026-05-04', '2026-05-05', 700, 'DONE'),
(261, 10, '2026-08-18', '2026-08-22', 100, 'WAIT'),
(262, 15, '2026-08-28', '2026-08-31', 500, 'WAIT'),
(263, 3, '2026-07-04', '2026-07-08', 900, 'DONE'),
(264, 10, '2026-07-14', '2026-07-19', 100, 'DONE'),
(265, 20, '2026-07-08', '2026-07-11', 800, 'DONE'),
(266, 20, '2026-06-19', '2026-06-23', 100, 'DONE'),
(267, 2, '2026-03-01', '2026-03-02', 700, 'DONE'),
(268, 1, '2026-06-10', '2026-06-13', 100, 'DONE'),
(269, 19, '2026-06-05', '2026-06-09', 300, 'DONE'),
(270, 1, '2026-08-20', '2026-08-21', 700, 'WAIT'),
(271, 16, '2026-06-11', '2026-06-13', 300, 'DONE'),
(272, 19, '2026-04-29', '2026-05-04', 900, 'DONE'),
(273, 20, '2026-04-09', '2026-04-11', 900, 'DONE'),
(274, 9, '2026-03-25', '2026-03-28', 400, 'DONE'),
(275, 7, '2026-06-17', '2026-06-20', 600, 'DONE'),
(276, 10, '2026-05-31', '2026-06-02', 100, 'DONE'),
(277, 1, '2026-06-28', '2026-07-01', 1000, 'DONE'),
(278, 9, '2026-06-23', '2026-06-25', 200, 'DONE'),
(279, 3, '2026-06-03', '2026-06-07', 1000, 'DONE'),
(280, 19, '2026-05-05', '2026-05-07', 300, 'DONE'),
(281, 18, '2026-07-15', '2026-07-16', 400, 'RUN'),
(282, 3, '2026-05-14', '2026-05-15', 400, 'DONE'),
(283, 7, '2026-08-10', '2026-08-13', 1000, 'WAIT'),
(284, 4, '2026-09-01', '2026-09-04', 400, 'WAIT'),
(285, 9, '2026-02-24', '2026-02-26', 600, 'DONE'),
(286, 11, '2026-03-15', '2026-03-18', 300, 'DONE'),
(287, 19, '2026-08-30', '2026-09-03', 900, 'WAIT'),
(288, 17, '2026-02-18', '2026-02-22', 800, 'DONE'),
(289, 20, '2026-05-15', '2026-05-19', 300, 'DONE'),
(290, 19, '2026-07-11', '2026-07-12', 600, 'DONE'),
(291, 20, '2026-03-20', '2026-03-21', 900, 'DONE'),
(292, 7, '2026-06-22', '2026-06-27', 200, 'DONE'),
(293, 11, '2026-08-21', '2026-08-22', 600, 'WAIT'),
(294, 7, '2026-04-07', '2026-04-12', 700, 'DONE'),
(295, 8, '2026-07-05', '2026-07-07', 700, 'CANCEL'),
(296, 11, '2026-09-03', '2026-09-08', 1000, 'WAIT'),
(297, 1, '2026-03-13', '2026-03-18', 200, 'DONE'),
(298, 2, '2026-02-28', '2026-03-01', 500, 'DONE'),
(299, 16, '2026-06-09', '2026-06-14', 700, 'DONE'),
(300, 12, '2026-07-05', '2026-07-07', 100, 'DONE'),
(301, 5, '2026-08-26', '2026-08-29', 300, 'WAIT'),
(302, 15, '2026-07-10', '2026-07-11', 500, 'DONE'),
(303, 1, '2026-07-15', '2026-07-19', 200, 'RUN'),
(304, 12, '2026-03-03', '2026-03-06', 1000, 'DONE'),
(305, 13, '2026-03-20', '2026-03-25', 600, 'CANCEL'),
(306, 1, '2026-04-22', '2026-04-26', 300, 'DONE'),
(307, 9, '2026-07-09', '2026-07-12', 600, 'DONE'),
(308, 6, '2026-05-22', '2026-05-26', 900, 'DONE'),
(309, 10, '2026-03-24', '2026-03-28', 200, 'DONE'),
(310, 3, '2026-04-24', '2026-04-25', 300, 'DONE'),
(311, 7, '2026-08-11', '2026-08-12', 1000, 'WAIT'),
(312, 9, '2026-05-28', '2026-05-29', 1000, 'DONE'),
(313, 3, '2026-07-15', '2026-07-19', 200, 'RUN'),
(314, 20, '2026-04-15', '2026-04-17', 900, 'DONE'),
(315, 15, '2026-04-05', '2026-04-10', 300, 'DONE'),
(316, 10, '2026-05-06', '2026-05-07', 1000, 'DONE'),
(317, 1, '2026-07-06', '2026-07-08', 300, 'DONE'),
(318, 3, '2026-05-11', '2026-05-13', 200, 'DONE'),
(319, 3, '2026-06-26', '2026-07-01', 100, 'DONE'),
(320, 20, '2026-08-13', '2026-08-15', 600, 'WAIT'),
(321, 19, '2026-04-11', '2026-04-15', 800, 'DONE'),
(322, 9, '2026-08-22', '2026-08-26', 700, 'WAIT'),
(323, 17, '2026-03-07', '2026-03-11', 700, 'DONE'),
(324, 13, '2026-07-23', '2026-07-25', 600, 'WAIT'),
(325, 3, '2026-09-09', '2026-09-11', 1000, 'WAIT'),
(326, 8, '2026-09-10', '2026-09-14', 1000, 'WAIT'),
(327, 9, '2026-05-29', '2026-06-01', 100, 'DONE'),
(328, 5, '2026-05-16', '2026-05-20', 100, 'DONE'),
(329, 10, '2026-06-24', '2026-06-29', 600, 'DONE'),
(330, 7, '2026-08-07', '2026-08-12', 900, 'WAIT'),
(331, 15, '2026-06-01', '2026-06-02', 900, 'DONE'),
(332, 10, '2026-04-06', '2026-04-08', 600, 'DONE'),
(333, 2, '2026-09-07', '2026-09-08', 900, 'WAIT'),
(334, 8, '2026-03-21', '2026-03-25', 1000, 'DONE'),
(335, 11, '2026-07-15', '2026-07-16', 300, 'RUN'),
(336, 7, '2026-06-04', '2026-06-06', 900, 'DONE'),
(337, 10, '2026-05-17', '2026-05-21', 700, 'DONE'),
(338, 5, '2026-06-25', '2026-06-28', 400, 'DONE'),
(339, 16, '2026-08-19', '2026-08-21', 700, 'WAIT'),
(340, 11, '2026-03-29', '2026-04-01', 800, 'DONE'),
(341, 13, '2026-04-03', '2026-04-08', 400, 'DONE'),
(342, 6, '2026-03-31', '2026-04-01', 200, 'DONE'),
(343, 4, '2026-07-03', '2026-07-06', 500, 'DONE'),
(344, 12, '2026-03-23', '2026-03-25', 400, 'CANCEL'),
(345, 2, '2026-08-01', '2026-08-05', 100, 'WAIT'),
(346, 12, '2026-06-14', '2026-06-18', 900, 'DONE'),
(347, 15, '2026-06-15', '2026-06-17', 1000, 'DONE'),
(348, 3, '2026-02-26', '2026-02-27', 400, 'DONE'),
(349, 18, '2026-03-19', '2026-03-21', 300, 'CANCEL'),
(350, 6, '2026-08-31', '2026-09-02', 1000, 'WAIT'),
(351, 12, '2026-06-20', '2026-06-21', 800, 'DONE'),
(352, 2, '2026-07-19', '2026-07-22', 1000, 'WAIT'),
(353, 13, '2026-05-03', '2026-05-08', 1000, 'DONE'),
(354, 15, '2026-08-23', '2026-08-27', 900, 'WAIT'),
(355, 9, '2026-04-14', '2026-04-18', 500, 'CANCEL'),
(356, 10, '2026-05-25', '2026-05-27', 200, 'DONE'),
(357, 4, '2026-06-08', '2026-06-13', 500, 'DONE'),
(358, 11, '2026-09-02', '2026-09-04', 500, 'CANCEL'),
(359, 11, '2026-06-06', '2026-06-07', 1000, 'DONE'),
(360, 9, '2026-06-01', '2026-06-03', 300, 'CANCEL'),
(361, 7, '2026-04-10', '2026-04-14', 800, 'DONE'),
(362, 1, '2026-06-13', '2026-06-15', 400, 'DONE'),
(363, 9, '2026-03-27', '2026-03-28', 300, 'DONE'),
(364, 13, '2026-06-30', '2026-07-01', 400, 'DONE'),
(365, 13, '2026-03-08', '2026-03-13', 600, 'DONE'),
(366, 6, '2026-08-15', '2026-08-17', 300, 'WAIT'),
(367, 13, '2026-07-01', '2026-07-03', 300, 'DONE'),
(368, 5, '2026-03-23', '2026-03-24', 200, 'DONE'),
(369, 13, '2026-04-18', '2026-04-23', 100, 'DONE'),
(370, 10, '2026-02-25', '2026-02-27', 400, 'DONE'),
(371, 17, '2026-03-19', '2026-03-24', 700, 'DONE'),
(372, 11, '2026-03-05', '2026-03-07', 600, 'DONE'),
(373, 4, '2026-04-23', '2026-04-26', 300, 'DONE'),
(374, 6, '2026-03-30', '2026-04-01', 300, 'DONE'),
(375, 4, '2026-05-21', '2026-05-25', 300, 'DONE'),
(376, 17, '2026-07-15', '2026-07-19', 100, 'RUN'),
(377, 18, '2026-07-07', '2026-07-09', 600, 'DONE'),
(378, 19, '2026-09-13', '2026-09-18', 800, 'WAIT'),
(379, 5, '2026-06-16', '2026-06-17', 800, 'DONE'),
(380, 20, '2026-03-22', '2026-03-23', 400, 'DONE'),
(381, 8, '2026-04-19', '2026-04-24', 1000, 'DONE'),
(382, 2, '2026-08-08', '2026-08-09', 1000, 'WAIT'),
(383, 11, '2026-08-16', '2026-08-20', 900, 'WAIT'),
(384, 15, '2026-05-20', '2026-05-25', 100, 'DONE'),
(385, 3, '2026-03-09', '2026-03-12', 300, 'DONE'),
(386, 3, '2026-05-15', '2026-05-19', 300, 'CANCEL'),
(387, 12, '2026-05-02', '2026-05-06', 1000, 'DONE'),
(388, 9, '2026-07-15', '2026-07-18', 100, 'RUN'),
(389, 7, '2026-05-23', '2026-05-25', 500, 'DONE'),
(390, 3, '2026-05-08', '2026-05-13', 500, 'DONE'),
(391, 18, '2026-05-10', '2026-05-13', 900, 'DONE'),
(392, 19, '2026-07-29', '2026-08-02', 800, 'WAIT'),
(393, 1, '2026-02-20', '2026-02-23', 500, 'DONE'),
(394, 20, '2026-07-15', '2026-07-19', 300, 'RUN'),
(395, 20, '2026-02-16', '2026-02-17', 200, 'DONE'),
(396, 5, '2026-05-26', '2026-05-30', 1000, 'DONE'),
(397, 14, '2026-07-15', '2026-07-19', 400, 'DONE'),
(398, 17, '2026-06-02', '2026-06-03', 600, 'DONE'),
(399, 3, '2026-05-27', '2026-06-01', 1000, 'DONE'),
(400, 17, '2026-05-18', '2026-05-22', 100, 'DONE'),
(401, 4, '2026-09-02', '2026-09-05', 800, 'WAIT'),
(402, 9, '2026-02-19', '2026-02-23', 700, 'DONE'),
(403, 20, '2026-02-21', '2026-02-22', 200, 'DONE'),
(404, 3, '2026-04-26', '2026-04-29', 300, 'DONE'),
(405, 16, '2026-04-25', '2026-04-26', 1000, 'DONE'),
(406, 16, '2026-09-06', '2026-09-11', 1000, 'WAIT'),
(407, 18, '2026-04-21', '2026-04-24', 500, 'DONE'),
(408, 17, '2026-06-07', '2026-06-09', 1000, 'DONE'),
(409, 8, '2026-02-22', '2026-02-25', 300, 'DONE'),
(410, 10, '2026-04-28', '2026-04-29', 900, 'DONE'),
(411, 14, '2026-03-26', '2026-03-27', 700, 'DONE'),
(412, 1, '2026-03-04', '2026-03-08', 500, 'DONE'),
(413, 1, '2026-09-11', '2026-09-13', 500, 'WAIT'),
(414, 8, '2026-06-27', '2026-06-28', 600, 'DONE'),
(415, 11, '2026-07-13', '2026-07-17', 200, 'DONE'),
(416, 10, '2026-04-16', '2026-04-21', 300, 'DONE'),
(417, 19, '2026-04-04', '2026-04-06', 200, 'DONE'),
(418, 1, '2026-09-05', '2026-09-10', 900, 'WAIT'),
(419, 10, '2026-04-20', '2026-04-25', 400, 'DONE'),
(420, 13, '2026-09-12', '2026-09-14', 100, 'WAIT'),
(421, 17, '2026-08-02', '2026-08-07', 400, 'WAIT'),
(422, 9, '2026-05-24', '2026-05-29', 1000, 'DONE'),
(423, 18, '2026-06-29', '2026-06-30', 800, 'DONE'),
(424, 7, '2026-04-01', '2026-04-05', 500, 'DONE'),
(425, 14, '2026-04-12', '2026-04-15', 100, 'DONE'),
(426, 1, '2026-08-14', '2026-08-15', 700, 'WAIT'),
(427, 17, '2026-04-30', '2026-05-01', 600, 'DONE'),
(428, 7, '2026-04-17', '2026-04-21', 400, 'DONE'),
(429, 1, '2026-02-15', '2026-02-16', 900, 'DONE'),
(430, 11, '2026-08-03', '2026-08-07', 300, 'WAIT'),
(431, 16, '2026-04-13', '2026-04-14', 1000, 'DONE'),
(432, 1, '2026-04-27', '2026-05-02', 100, 'DONE'),
(433, 6, '2026-05-12', '2026-05-17', 1000, 'DONE'),
(434, 12, '2026-02-17', '2026-02-22', 600, 'DONE'),
(435, 18, '2026-07-17', '2026-07-19', 500, 'WAIT'),
(436, 11, '2026-03-06', '2026-03-09', 800, 'DONE'),
(437, 3, '2026-03-12', '2026-03-16', 800, 'DONE'),
(438, 15, '2026-08-25', '2026-08-29', 500, 'WAIT'),
(439, 10, '2026-08-17', '2026-08-19', 800, 'WAIT'),
(440, 6, '2026-03-17', '2026-03-22', 400, 'DONE'),
(441, 9, '2026-06-18', '2026-06-20', 700, 'DONE'),
(442, 9, '2026-05-07', '2026-05-09', 100, 'DONE'),
(443, 16, '2026-07-02', '2026-07-04', 100, 'DONE'),
(444, 17, '2026-03-28', '2026-04-02', 700, 'DONE'),
(445, 7, '2026-03-11', '2026-03-16', 300, 'DONE'),
(446, 16, '2026-07-25', '2026-07-26', 300, 'WAIT'),
(447, 6, '2026-02-27', '2026-03-04', 300, 'DONE'),
(448, 2, '2026-06-12', '2026-06-15', 700, 'DONE'),
(449, 20, '2026-03-02', '2026-03-04', 500, 'DONE'),
(450, 9, '2026-04-08', '2026-04-09', 800, 'DONE'),
(451, 11, '2026-05-19', '2026-05-23', 600, 'DONE'),
(452, 19, '2026-03-10', '2026-03-15', 700, 'DONE'),
(453, 12, '2026-07-15', '2026-07-19', 200, 'RUN'),
(454, 14, '2026-08-24', '2026-08-27', 700, 'WAIT'),
(455, 14, '2026-05-01', '2026-05-02', 1000, 'DONE'),
(456, 3, '2026-05-13', '2026-05-14', 500, 'DONE'),
(457, 8, '2026-07-28', '2026-07-31', 300, 'WAIT'),
(458, 20, '2026-07-13', '2026-07-16', 800, 'CANCEL'),
(459, 3, '2026-04-14', '2026-04-17', 900, 'DONE'),
(460, 8, '2026-07-16', '2026-07-19', 500, 'WAIT'),
(461, 17, '2026-07-30', '2026-07-31', 700, 'WAIT'),
(462, 5, '2026-03-01', '2026-03-03', 500, 'CANCEL'),
(463, 9, '2026-03-14', '2026-03-17', 800, 'DONE'),
(464, 19, '2026-05-09', '2026-05-13', 500, 'DONE'),
(465, 17, '2026-07-15', '2026-07-20', 100, 'RUN'),
(466, 1, '2026-02-23', '2026-02-26', 600, 'DONE'),
(467, 4, '2026-03-18', '2026-03-23', 1000, 'DONE'),
(468, 11, '2026-09-08', '2026-09-10', 800, 'WAIT'),
(469, 10, '2026-06-21', '2026-06-26', 400, 'DONE'),
(470, 13, '2026-07-21', '2026-07-24', 1000, 'WAIT'),
(471, 15, '2026-03-16', '2026-03-19', 600, 'DONE'),
(472, 9, '2026-07-12', '2026-07-16', 300, 'DONE'),
(473, 14, '2026-05-30', '2026-06-01', 100, 'DONE'),
(474, 8, '2026-04-02', '2026-04-07', 300, 'DONE'),
(475, 1, '2026-02-22', '2026-02-27', 200, 'CANCEL'),
(476, 9, '2026-05-04', '2026-05-07', 600, 'DONE'),
(477, 11, '2026-07-20', '2026-07-23', 600, 'WAIT'),
(478, 17, '2026-07-22', '2026-07-27', 800, 'WAIT'),
(479, 9, '2026-07-04', '2026-07-05', 100, 'DONE'),
(480, 17, '2026-07-14', '2026-07-19', 500, 'DONE'),
(481, 6, '2026-07-08', '2026-07-10', 100, 'DONE'),
(482, 12, '2026-06-19', '2026-06-22', 900, 'DONE'),
(483, 14, '2026-03-01', '2026-03-06', 300, 'DONE'),
(484, 11, '2026-06-10', '2026-06-11', 800, 'DONE'),
(485, 3, '2026-06-05', '2026-06-06', 600, 'DONE'),
(486, 4, '2026-08-09', '2026-08-10', 1000, 'WAIT'),
(487, 10, '2026-06-11', '2026-06-16', 700, 'DONE'),
(488, 2, '2026-04-29', '2026-05-03', 100, 'DONE'),
(489, 6, '2026-08-12', '2026-08-17', 900, 'WAIT'),
(490, 10, '2026-04-09', '2026-04-13', 300, 'DONE'),
(491, 1, '2026-03-25', '2026-03-27', 200, 'DONE'),
(492, 6, '2026-06-17', '2026-06-20', 100, 'DONE'),
(493, 2, '2026-09-11', '2026-09-16', 200, 'CANCEL'),
(494, 15, '2026-05-31', '2026-06-01', 800, 'DONE'),
(495, 18, '2026-06-28', '2026-07-01', 600, 'DONE'),
(496, 8, '2026-06-23', '2026-06-28', 500, 'DONE'),
(497, 16, '2026-06-03', '2026-06-07', 200, 'DONE'),
(498, 15, '2026-08-29', '2026-09-02', 500, 'CANCEL'),
(499, 18, '2026-05-05', '2026-05-07', 800, 'DONE'),
(500, 1, '2026-07-24', '2026-07-25', 700, 'WAIT');

-- Production (500)
INSERT INTO Production (productionId, planId, equipmentId, startTime, endTime, goodQty, defectQty) VALUES
(1, 1, 3, '2026-04-13 06:56:00', '2026-04-13 18:53:41', 478, 22),
(2, 2, 4, '2026-04-27 07:11:00', '2026-04-27 16:14:52', 976, 24),
(3, 3, 1, '2026-05-12 07:18:00', '2026-05-12 21:15:54', 481, 19),
(4, 4, 3, '2026-02-17 06:25:00', '2026-02-17 15:28:24', 386, 14),
(5, 5, 8, '2026-03-06 06:58:00', '2026-03-06 17:20:26', 962, 38),
(6, 6, 8, '2026-03-12 06:52:00', '2026-03-12 10:51:19', 291, 9),
(7, 7, 8, '2026-03-17 06:21:00', '2026-03-17 16:08:49', 862, 38),
(8, 8, 1, '2026-06-18 07:41:00', '2026-06-18 21:17:03', 581, 19),
(9, 9, 4, NULL, NULL, 0, 0),
(10, 10, 3, NULL, NULL, 0, 0),
(11, 11, 1, '2026-05-07 07:28:00', '2026-05-07 15:10:13', 193, 7),
(12, 12, 4, '2026-07-02 07:03:00', '2026-07-02 08:51:01', 191, 9),
(13, 13, 4, '2026-03-28 06:47:00', '2026-03-28 14:41:03', 676, 24),
(14, 14, 1, '2026-03-11 07:29:00', '2026-03-11 21:16:27', 760, 40),
(15, 15, 1, '2026-07-15 06:48:00', NULL, 110, 3),
(16, 16, 8, NULL, NULL, 0, 0),
(17, 17, 1, '2026-02-27 07:28:00', '2026-02-27 21:16:24', 665, 35),
(18, 18, 1, '2026-06-12 07:29:00', '2026-06-12 15:26:38', 292, 8),
(19, 19, 4, '2026-03-02 06:39:00', '2026-03-02 07:46:01', 97, 3),
(20, 20, 3, '2026-04-08 06:53:00', '2026-04-08 21:14:39', 578, 22),
(21, 21, 1, NULL, NULL, 0, 0),
(22, 22, 2, '2026-05-19 07:20:00', '2026-05-19 21:16:00', 478, 22),
(23, 23, 1, '2026-03-10 06:34:00', '2026-03-10 21:13:42', 878, 22),
(24, 24, 4, '2026-05-01 06:41:00', '2026-05-01 15:59:39', 783, 17),
(25, 25, 2, NULL, NULL, 0, 0),
(26, 26, 2, '2026-05-13 07:30:00', '2026-05-13 21:16:30', 475, 25),
(27, 27, 8, NULL, NULL, 0, 0),
(28, 28, 1, NULL, NULL, 0, 0),
(29, 29, 4, '2026-04-14 06:51:00', '2026-04-14 11:38:02', 678, 22),
(30, 30, 2, '2026-03-14 06:34:00', '2026-03-14 21:13:42', 872, 28),
(31, 31, 4, '2026-05-09 06:54:00', '2026-05-09 10:57:57', 577, 23),
(32, 32, 3, '2026-02-23 06:32:00', '2026-02-23 08:46:54', 97, 3),
(33, 33, 8, '2026-03-18 07:11:00', '2026-03-18 08:35:46', 98, 2),
(34, 34, 4, NULL, NULL, 0, 0),
(35, 35, 8, '2026-06-21 06:51:00', '2026-06-21 18:16:40', 684, 16),
(36, 36, 8, '2026-03-16 07:10:00', '2026-03-16 15:53:46', 586, 14),
(37, 37, 3, '2026-07-12 06:42:00', '2026-07-12 21:14:06', 865, 35),
(38, 38, 8, NULL, NULL, 0, 0),
(39, 39, 2, '2026-05-30 07:21:00', '2026-05-30 10:18:23', 96, 4),
(40, 40, 2, '2026-04-02 06:55:00', '2026-04-02 21:14:45', 682, 18),
(41, 41, 2, '2026-05-04 06:54:00', '2026-05-04 21:14:42', 679, 21),
(42, 42, 8, '2026-07-04 07:23:00', '2026-07-04 11:02:40', 193, 7),
(43, 43, 1, '2026-07-14 06:52:00', '2026-07-14 16:33:48', 381, 19),
(44, 44, 8, '2026-07-08 06:56:00', '2026-07-08 12:32:39', 584, 16),
(45, 45, 1, NULL, NULL, 0, 0),
(46, 46, 1, '2026-06-19 07:16:00', '2026-06-19 17:42:02', 390, 10),
(47, 47, 2, '2026-03-01 07:18:00', '2026-03-01 17:28:55', 291, 9),
(48, 48, 2, NULL, NULL, 0, 0),
(49, 49, 4, '2026-06-10 06:38:00', '2026-06-10 09:57:04', 390, 10),
(50, 50, 4, NULL, NULL, 0, 0),
(51, 51, 8, '2026-06-05 06:47:00', '2026-06-05 08:05:31', 98, 2),
(52, 52, 1, NULL, NULL, 0, 0),
(53, 53, 4, NULL, NULL, 0, 0),
(54, 54, 2, '2026-06-11 07:23:00', '2026-06-11 15:31:54', 289, 11),
(55, 55, 1, '2026-04-29 07:19:00', '2026-04-29 18:40:34', 382, 18),
(56, 56, 2, '2026-04-09 07:33:00', '2026-04-09 21:16:39', 480, 20),
(57, 57, 8, '2026-03-25 07:15:00', '2026-03-25 11:12:49', 192, 8),
(58, 58, 1, NULL, NULL, 0, 0),
(59, 59, 4, NULL, NULL, 0, 0),
(60, 60, 2, '2026-06-17 06:58:00', '2026-06-17 21:14:54', 576, 24),
(61, 61, 4, NULL, NULL, 0, 0),
(62, 62, 1, '2026-05-31 06:40:00', '2026-05-31 15:49:11', 287, 13),
(63, 63, 1, NULL, NULL, 0, 0),
(64, 64, 2, '2026-06-28 07:12:00', '2026-06-28 21:15:36', 685, 15),
(65, 65, 3, '2026-06-23 07:14:00', '2026-06-23 21:15:42', 874, 26),
(66, 66, 8, '2026-06-03 06:36:00', '2026-06-03 21:05:54', 675, 25),
(67, 67, 2, '2026-07-15 07:39:00', NULL, 87, 2),
(68, 68, 4, '2026-05-05 06:21:00', '2026-05-05 12:23:28', 583, 17),
(69, 69, 3, '2026-05-14 07:19:00', '2026-05-14 21:15:57', 583, 17),
(70, 70, 8, '2026-02-24 07:18:00', '2026-02-24 14:09:42', 478, 22),
(71, 71, 1, NULL, NULL, 0, 0),
(72, 72, 3, '2026-03-15 07:17:00', '2026-03-15 18:06:36', 388, 12),
(73, 73, 1, NULL, NULL, 0, 0),
(74, 74, 3, NULL, NULL, 0, 0),
(75, 75, 8, '2026-02-18 06:42:00', '2026-02-18 08:47:33', 97, 3),
(76, 76, 1, '2026-05-15 06:30:00', '2026-05-15 21:13:30', 666, 34),
(77, 77, 4, '2026-07-11 06:53:00', '2026-07-11 12:39:00', 776, 24),
(78, 78, 1, '2026-03-20 07:30:00', '2026-03-20 21:16:30', 580, 20),
(79, 79, 2, NULL, NULL, 0, 0),
(80, 80, 3, '2026-06-22 06:35:00', '2026-06-22 11:43:50', 192, 8),
(81, 81, 8, '2026-04-07 06:26:00', '2026-04-07 20:25:51', 953, 47),
(82, 82, 1, NULL, NULL, 0, 0),
(83, 83, 8, NULL, NULL, 0, 0),
(84, 84, 2, '2026-03-13 07:34:00', '2026-03-13 21:16:42', 674, 26),
(85, 85, 2, NULL, NULL, 0, 0),
(86, 86, 1, NULL, NULL, 0, 0),
(87, 87, 3, '2026-07-15 07:22:00', NULL, 184, 6),
(88, 88, 4, '2026-07-15 06:27:00', NULL, 58, 2),
(89, 89, 8, '2026-02-28 06:33:00', '2026-02-28 09:15:19', 195, 5),
(90, 90, 1, '2026-06-09 07:27:00', '2026-06-09 21:26:25', 588, 12),
(91, 91, 8, '2026-07-05 07:06:00', '2026-07-05 17:37:30', 975, 25),
(92, 92, 8, '2026-07-10 06:39:00', '2026-07-10 09:31:02', 190, 10),
(93, 93, 8, NULL, NULL, 0, 0),
(94, 94, 4, NULL, NULL, 0, 0),
(95, 95, 1, NULL, NULL, 0, 0),
(96, 96, 5, '2026-07-15 06:31:00', NULL, 76, 2),
(97, 97, 2, '2026-03-03 06:26:00', '2026-03-03 16:01:39', 392, 8),
(98, 98, 4, '2026-04-22 06:52:00', '2026-04-22 14:07:23', 761, 39),
(99, 99, 8, NULL, NULL, 0, 0),
(100, 100, 2, '2026-07-09 06:56:00', '2026-07-09 21:14:48', 679, 21),
(101, 101, 4, '2026-05-22 06:47:00', '2026-05-22 11:35:26', 384, 16),
(102, 102, 2, '2026-03-24 07:23:00', '2026-03-24 11:37:46', 193, 7),
(103, 103, 2, NULL, NULL, 0, 0),
(104, 104, 4, '2026-04-24 06:34:00', '2026-04-24 11:15:15', 584, 16),
(105, 105, 6, '2026-07-15 07:05:00', NULL, 114, 4),
(106, 106, 4, '2026-05-28 07:09:00', '2026-05-28 10:10:02', 383, 17),
(107, 107, 8, '2026-04-15 06:53:00', '2026-04-15 11:19:44', 291, 9),
(108, 108, 4, '2026-04-05 06:50:00', '2026-04-05 12:47:23', 679, 21),
(109, 109, 4, '2026-05-06 07:06:00', '2026-05-06 14:51:39', 976, 24),
(110, 110, 8, '2026-07-06 06:32:00', '2026-07-06 08:47:59', 98, 2),
(111, 111, 3, NULL, NULL, 0, 0),
(112, 112, 8, '2026-05-11 06:57:00', '2026-05-11 19:04:09', 673, 27),
(113, 113, 4, '2026-06-26 07:02:00', '2026-06-26 09:43:05', 287, 13),
(114, 114, 1, '2026-04-11 06:49:00', '2026-04-11 21:14:27', 773, 27),
(115, 115, 1, '2026-03-07 07:26:00', '2026-03-07 21:16:18', 877, 23),
(116, 116, 1, '2026-05-29 07:19:00', '2026-05-29 21:15:57', 683, 17),
(117, 117, 8, '2026-05-16 06:45:00', '2026-05-16 21:14:15', 963, 37),
(118, 118, 1, '2026-06-24 07:39:00', '2026-06-24 21:16:57', 768, 32),
(119, 119, 4, NULL, NULL, 0, 0),
(120, 120, 8, '2026-06-01 06:32:00', '2026-06-01 18:54:17', 873, 27),
(121, 121, 4, '2026-04-06 07:06:00', '2026-04-06 11:19:31', 578, 22),
(122, 122, 1, '2026-03-21 06:42:00', '2026-03-21 09:00:39', 96, 4),
(123, 123, 3, '2026-06-04 06:42:00', '2026-06-04 19:29:24', 477, 23),
(124, 124, 8, '2026-05-17 06:20:00', '2026-05-17 19:29:18', 875, 25),
(125, 125, 8, '2026-06-25 06:38:00', '2026-06-25 20:52:44', 765, 35),
(126, 126, 1, '2026-03-29 06:34:00', '2026-03-29 21:13:42', 685, 15),
(127, 127, 8, NULL, NULL, 0, 0),
(128, 128, 8, '2026-04-03 06:26:00', '2026-04-03 11:50:04', 384, 16),
(129, 129, 4, '2026-03-31 06:42:00', '2026-03-31 11:11:38', 381, 19),
(130, 130, 8, '2026-07-03 07:25:00', '2026-07-03 18:06:48', 483, 17),
(131, 131, 8, '2026-06-14 07:05:00', '2026-06-14 21:15:15', 874, 26),
(132, 132, 3, '2026-06-15 07:00:00', '2026-06-15 17:29:04', 384, 16),
(133, 133, 4, '2026-02-26 06:54:00', '2026-02-26 16:40:39', 864, 36),
(134, 134, 4, '2026-06-20 06:13:00', '2026-06-20 10:36:55', 586, 14),
(135, 135, 2, '2026-05-03 07:25:00', '2026-05-03 21:16:15', 681, 19),
(136, 136, 4, '2026-05-25 07:10:00', '2026-05-25 10:35:29', 477, 23),
(137, 137, 4, '2026-06-08 06:13:00', '2026-06-08 10:28:48', 576, 24),
(138, 138, 1, '2026-06-06 07:12:00', '2026-06-06 10:43:55', 96, 4),
(139, 139, 8, '2026-04-10 06:37:00', '2026-04-10 21:13:51', 951, 49),
(140, 140, 1, '2026-06-13 07:09:00', '2026-06-13 16:22:11', 293, 7),
(141, 141, 8, NULL, NULL, 0, 0),
(142, 142, 1, NULL, NULL, 0, 0),
(143, 143, 8, '2026-03-27 06:31:00', '2026-03-27 16:47:42', 480, 20),
(144, 144, 1, NULL, NULL, 0, 0),
(145, 145, 4, '2026-06-30 06:40:00', '2026-06-30 11:44:45', 482, 18),
(146, 146, 7, '2026-07-15 07:18:00', NULL, 242, 8),
(147, 147, 4, '2026-03-08 06:23:00', '2026-03-08 10:01:36', 478, 22),
(148, 148, 8, '2026-07-01 07:02:00', '2026-07-01 21:15:06', 973, 27),
(149, 149, 3, NULL, NULL, 0, 0),
(150, 150, 4, NULL, NULL, 0, 0),
(151, 151, 2, '2026-03-23 07:09:00', '2026-03-23 21:15:27', 483, 17),
(152, 152, 8, '2026-04-18 06:58:00', '2026-04-18 21:14:54', 872, 28),
(153, 153, 3, '2026-02-25 06:49:00', '2026-02-25 17:10:06', 388, 12),
(154, 154, 8, '2026-03-19 06:55:00', '2026-03-19 15:59:26', 583, 17),
(155, 155, 8, '2026-03-05 07:17:00', '2026-03-05 21:15:51', 975, 25),
(156, 156, 1, '2026-04-23 06:34:00', '2026-04-23 08:59:07', 98, 2),
(157, 157, 4, '2026-03-30 07:16:00', '2026-03-30 08:16:56', 96, 4),
(158, 158, 8, '2026-05-21 07:24:00', '2026-05-21 19:09:01', 484, 16),
(159, 159, 8, '2026-07-15 06:28:00', NULL, 148, 4),
(160, 160, 2, '2026-07-07 07:42:00', '2026-07-07 21:17:06', 762, 38),
(161, 161, 1, '2026-06-16 07:35:00', '2026-06-16 21:16:45', 583, 17),
(162, 162, 4, '2026-03-22 06:25:00', '2026-03-22 10:22:04', 578, 22),
(163, 163, 8, '2026-04-19 06:21:00', '2026-04-19 07:26:14', 97, 3),
(164, 164, 8, NULL, NULL, 0, 0),
(165, 165, 2, '2026-05-20 07:08:00', '2026-05-20 21:15:24', 868, 32),
(166, 166, 8, '2026-03-09 07:24:00', '2026-03-09 15:40:53', 488, 12),
(167, 167, 1, NULL, NULL, 0, 0),
(168, 168, 3, NULL, NULL, 0, 0),
(169, 169, 9, '2026-07-15 07:04:00', NULL, 143, 5),
(170, 170, 8, '2026-05-02 07:12:00', '2026-05-02 16:13:40', 485, 15),
(171, 171, 3, NULL, NULL, 0, 0),
(172, 172, 8, NULL, NULL, 0, 0),
(173, 173, 1, '2026-05-23 07:15:00', '2026-05-23 21:15:45', 880, 20),
(174, 174, 4, NULL, NULL, 0, 0),
(175, 175, 2, NULL, NULL, 0, 0),
(176, 176, 3, NULL, NULL, 0, 0),
(177, 177, 1, '2026-05-08 07:23:00', '2026-05-08 21:16:09', 950, 50),
(178, 178, 8, '2026-05-10 06:35:00', '2026-05-10 16:43:39', 956, 44),
(179, 179, 4, NULL, NULL, 0, 0),
(180, 180, 8, '2026-02-20 06:27:00', '2026-02-20 16:57:04', 673, 27),
(181, 181, 4, '2026-02-16 06:47:00', '2026-02-16 10:59:49', 685, 15),
(182, 182, 8, '2026-05-26 07:16:00', '2026-05-26 14:26:44', 292, 8),
(183, 183, 8, '2026-07-15 14:32:54', '2026-07-15 17:16:14', 192, 8),
(184, 184, 1, '2026-07-15 07:56:34', NULL, 229, 6),
(185, 185, 2, '2026-06-02 07:04:00', '2026-06-02 21:15:12', 678, 22),
(186, 186, 2, '2026-05-27 06:49:00', '2026-05-27 12:55:39', 194, 6),
(187, 187, 8, '2026-05-18 06:47:00', '2026-05-18 18:21:43', 667, 33),
(188, 188, 1, '2026-02-19 07:04:00', '2026-02-19 16:05:25', 382, 18),
(189, 189, 4, '2026-02-21 06:58:00', '2026-02-21 13:21:46', 859, 41),
(190, 190, 4, '2026-04-26 06:37:00', '2026-04-26 08:45:24', 288, 12),
(191, 191, 3, '2026-04-25 07:37:00', '2026-04-25 21:16:51', 479, 21),
(192, 192, 8, '2026-04-21 06:25:00', '2026-04-21 11:09:36', 382, 18),
(193, 193, 3, '2026-06-07 06:37:00', '2026-06-07 18:39:35', 382, 18),
(194, 194, 2, '2026-02-22 07:15:00', '2026-02-22 21:15:45', 674, 26),
(195, 195, 4, '2026-04-28 06:59:00', '2026-04-28 07:39:38', 96, 4),
(196, 196, 3, NULL, NULL, 0, 0),
(197, 197, 4, '2026-03-26 06:48:00', '2026-03-26 11:13:50', 484, 16),
(198, 198, 8, '2026-03-04 06:54:00', '2026-03-04 09:59:08', 190, 10),
(199, 199, 3, '2026-06-27 06:40:00', '2026-06-27 16:25:11', 389, 11),
(200, 200, 4, NULL, NULL, 0, 0),
(201, 201, 8, '2026-07-13 07:24:00', '2026-07-13 10:54:00', 191, 9),
(202, 202, 3, '2026-04-16 07:17:00', '2026-04-16 21:15:51', 975, 25),
(203, 203, 1, '2026-04-04 06:37:00', '2026-04-04 18:48:01', 478, 22),
(204, 204, 3, NULL, NULL, 0, 0),
(205, 205, 3, NULL, NULL, 0, 0),
(206, 206, 3, '2026-04-20 06:54:00', '2026-04-20 21:14:42', 879, 21),
(207, 207, 2, '2026-05-24 07:00:00', '2026-05-24 12:11:46', 192, 8),
(208, 208, 3, NULL, NULL, 0, 0),
(209, 209, 1, '2026-06-29 07:35:00', '2026-06-29 21:16:45', 859, 41),
(210, 210, 3, '2026-04-01 07:01:00', '2026-04-01 21:15:03', 978, 22),
(211, 211, 8, '2026-04-12 06:57:00', '2026-04-12 18:05:37', 665, 35),
(212, 212, 2, '2026-04-30 06:49:00', '2026-04-30 21:14:27', 478, 22),
(213, 213, 8, NULL, NULL, 0, 0),
(214, 214, 2, '2026-07-15 09:59:43', NULL, 268, 3),
(215, 215, 8, '2026-04-17 06:16:00', '2026-04-17 11:02:17', 480, 20),
(216, 216, 3, '2026-02-15 07:01:00', '2026-02-15 21:15:03', 973, 27),
(217, 217, 3, '2026-04-13 19:18:41', '2026-04-13 21:51:56', 776, 24),
(218, 218, 8, NULL, NULL, 0, 0),
(219, 219, 5, '2026-04-27 06:27:00', '2026-04-27 13:01:41', 586, 14),
(220, 220, 8, '2026-05-12 06:28:00', '2026-05-12 12:20:51', 391, 9),
(221, 221, 8, '2026-02-17 06:33:00', '2026-02-17 11:53:21', 484, 16),
(222, 222, 8, NULL, NULL, 0, 0),
(223, 223, 4, '2026-03-06 06:59:00', '2026-03-06 11:10:28', 577, 23),
(224, 224, 9, '2026-03-12 06:40:00', '2026-03-12 09:19:12', 98, 2),
(225, 225, 2, '2026-03-17 06:54:00', '2026-03-17 19:15:09', 387, 13),
(226, 226, 3, '2026-06-18 07:05:00', '2026-06-18 21:15:15', 880, 20),
(227, 227, 4, '2026-05-07 06:18:00', '2026-05-07 11:05:25', 669, 31),
(228, 228, 8, '2026-07-02 06:47:00', '2026-07-02 08:47:30', 98, 2),
(229, 229, 1, NULL, NULL, 0, 0),
(230, 230, 8, '2026-03-28 06:40:00', '2026-03-28 17:47:28', 677, 23),
(231, 231, 8, NULL, NULL, 0, 0),
(232, 232, 2, '2026-03-11 06:56:00', '2026-03-11 21:14:48', 977, 23),
(233, 233, 2, '2026-02-27 07:03:00', '2026-02-27 21:15:09', 685, 15),
(234, 234, 1, NULL, NULL, 0, 0),
(235, 235, 1, '2026-06-12 16:06:38', '2026-06-12 21:42:19', 293, 7),
(236, 236, 8, NULL, NULL, 0, 0),
(237, 237, 1, '2026-03-02 06:55:00', '2026-03-02 14:10:24', 294, 6),
(238, 238, 1, '2026-04-08 06:50:00', '2026-04-08 21:14:30', 881, 19),
(239, 239, 8, '2026-05-19 06:25:00', '2026-05-19 07:54:32', 95, 5),
(240, 240, 4, '2026-03-10 06:50:00', '2026-03-10 13:36:36', 956, 44),
(241, 241, 4, NULL, NULL, 0, 0),
(242, 242, 1, NULL, NULL, 0, 0),
(243, 243, 2, '2026-05-01 07:04:00', '2026-05-01 21:15:12', 972, 28),
(244, 244, 4, '2026-05-13 06:24:00', '2026-05-13 08:10:09', 195, 5),
(245, 245, 8, '2026-04-14 06:54:00', '2026-04-14 09:00:04', 190, 10),
(246, 246, 4, '2026-03-14 07:11:00', '2026-03-14 08:59:11', 193, 7),
(247, 247, 1, '2026-05-09 06:48:00', '2026-05-09 18:58:57', 489, 11),
(248, 248, 4, NULL, NULL, 0, 0),
(249, 249, 4, NULL, NULL, 0, 0),
(250, 250, 1, '2026-02-23 07:41:00', '2026-02-23 10:57:32', 96, 4),
(251, 251, 3, '2026-03-18 06:55:00', '2026-03-18 21:14:45', 858, 42),
(252, 252, 9, '2026-06-21 06:54:00', '2026-06-21 08:47:30', 98, 2),
(253, 253, 3, NULL, NULL, 0, 0),
(254, 254, 9, '2026-03-16 06:34:00', '2026-03-16 15:04:24', 482, 18),
(255, 255, 3, '2026-07-12 21:59:06', '2026-07-12 22:29:06', 477, 23),
(256, 256, 4, '2026-05-30 07:03:00', '2026-05-30 10:53:29', 489, 11),
(257, 257, 4, NULL, NULL, 0, 0),
(258, 258, 1, '2026-04-02 06:52:00', '2026-04-02 12:10:01', 190, 10),
(259, 259, 8, NULL, NULL, 0, 0),
(260, 260, 4, '2026-05-04 06:21:00', '2026-05-04 12:20:31', 680, 20),
(261, 261, 8, NULL, NULL, 0, 0),
(262, 262, 2, NULL, NULL, 0, 0),
(263, 263, 1, '2026-07-04 06:53:00', '2026-07-04 21:14:39', 872, 28),
(264, 264, 8, '2026-07-14 06:34:00', '2026-07-14 08:05:02', 97, 3),
(265, 265, 9, '2026-07-08 06:37:00', '2026-07-08 21:13:51', 782, 18),
(266, 266, 8, '2026-06-19 06:31:00', '2026-06-19 08:28:40', 97, 3),
(267, 267, 8, '2026-03-01 06:28:00', '2026-03-01 14:37:37', 670, 30),
(268, 268, 9, '2026-06-10 06:58:00', '2026-06-10 08:01:52', 98, 2),
(269, 269, 9, '2026-06-05 07:35:00', '2026-06-05 14:58:59', 288, 12),
(270, 270, 4, NULL, NULL, 0, 0),
(271, 271, 3, '2026-06-11 06:46:00', '2026-06-11 18:26:56', 288, 12),
(272, 272, 8, '2026-04-29 07:19:00', '2026-04-29 21:15:57', 880, 20),
(273, 273, 8, '2026-04-09 06:32:00', '2026-04-09 21:13:36', 870, 30),
(274, 274, 9, '2026-03-25 07:08:00', '2026-03-25 13:36:25', 382, 18),
(275, 275, 4, '2026-06-17 07:11:00', '2026-06-17 14:28:23', 585, 15),
(276, 276, 8, '2026-05-31 06:43:00', '2026-05-31 08:32:29', 95, 5),
(277, 277, 4, '2026-06-28 06:37:00', '2026-06-28 14:39:29', 964, 36),
(278, 278, 8, '2026-06-23 06:39:00', '2026-06-23 09:20:22', 194, 6),
(279, 279, 1, '2026-06-03 06:31:00', '2026-06-03 21:13:33', 958, 42),
(280, 280, 8, '2026-05-05 07:27:00', '2026-05-05 14:14:24', 287, 13),
(281, 281, 3, '2026-07-15 09:22:55', NULL, 217, 8),
(282, 282, 1, '2026-05-14 06:44:00', '2026-05-14 16:13:14', 383, 17),
(283, 283, 4, NULL, NULL, 0, 0),
(284, 284, 1, NULL, NULL, 0, 0),
(285, 285, 9, '2026-02-24 07:19:00', '2026-02-24 17:24:12', 588, 12),
(286, 286, 4, '2026-03-15 07:06:00', '2026-03-15 09:15:54', 292, 8),
(287, 287, 8, NULL, NULL, 0, 0),
(288, 288, 2, '2026-02-18 07:39:00', '2026-02-18 21:16:57', 781, 19),
(289, 289, 8, '2026-05-15 07:08:00', '2026-05-15 13:40:14', 291, 9),
(290, 290, 8, '2026-07-11 07:22:00', '2026-07-11 21:55:18', 570, 30),
(291, 291, 8, '2026-03-20 07:03:00', '2026-03-20 21:15:09', 855, 45),
(292, 292, 4, '2026-06-22 06:57:00', '2026-06-22 09:09:18', 194, 6),
(293, 293, 4, NULL, NULL, 0, 0),
(294, 294, 4, '2026-04-07 06:34:00', '2026-04-07 14:28:45', 665, 35),
(295, 295, 8, NULL, NULL, 0, 0),
(296, 296, 4, NULL, NULL, 0, 0),
(297, 297, 4, '2026-03-13 06:37:00', '2026-03-13 08:08:45', 190, 10),
(298, 298, 9, '2026-02-28 07:13:00', '2026-02-28 12:46:00', 485, 15),
(299, 299, 3, '2026-06-09 07:40:00', '2026-06-09 21:17:00', 684, 16),
(300, 300, 1, '2026-07-05 07:28:00', '2026-07-05 10:42:23', 95, 5),
(301, 301, 2, NULL, NULL, 0, 0),
(302, 302, 2, '2026-07-10 06:44:00', '2026-07-10 21:14:12', 479, 21),
(303, 303, 4, '2026-07-15 10:07:01', NULL, 92, 3),
(304, 304, 1, '2026-03-03 07:12:00', '2026-03-03 21:15:36', 953, 47),
(305, 305, 2, NULL, NULL, 0, 0),
(306, 306, 9, '2026-04-22 06:58:00', '2026-04-22 09:40:47', 290, 10),
(307, 307, 8, '2026-07-09 06:55:00', '2026-07-09 14:40:24', 585, 15),
(308, 308, 3, '2026-05-22 06:34:00', '2026-05-22 21:13:42', 875, 25),
(309, 309, 8, '2026-03-24 06:27:00', '2026-03-24 09:57:55', 196, 4),
(310, 310, 1, '2026-04-24 07:16:00', '2026-04-24 15:06:22', 291, 9),
(311, 311, 4, NULL, NULL, 0, 0),
(312, 312, 8, '2026-05-28 06:52:00', '2026-05-28 20:27:24', 962, 38),
(313, 313, 5, '2026-07-15 10:12:00', NULL, 151, 2),
(314, 314, 9, '2026-04-15 07:26:00', '2026-04-15 21:16:18', 860, 40),
(315, 315, 2, '2026-04-05 07:35:00', '2026-04-05 17:49:36', 294, 6),
(316, 316, 8, '2026-05-06 07:12:00', '2026-05-06 21:15:36', 955, 45),
(317, 317, 4, '2026-07-06 07:14:00', '2026-07-06 09:43:59', 289, 11),
(318, 318, 1, '2026-05-11 07:20:00', '2026-05-11 12:44:20', 195, 5),
(319, 319, 1, '2026-06-26 07:19:00', '2026-06-26 09:48:09', 98, 2),
(320, 320, 8, NULL, NULL, 0, 0),
(321, 321, 8, '2026-04-11 06:33:00', '2026-04-11 21:13:39', 782, 18),
(322, 322, 8, NULL, NULL, 0, 0),
(323, 323, 2, '2026-03-07 07:31:00', '2026-03-07 21:16:33', 667, 33),
(324, 324, 2, NULL, NULL, 0, 0),
(325, 325, 1, NULL, NULL, 0, 0),
(326, 326, 8, NULL, NULL, 0, 0),
(327, 327, 8, '2026-05-29 06:53:00', '2026-05-29 08:19:11', 97, 3),
(328, 328, 2, '2026-05-16 06:33:00', '2026-05-16 08:58:08', 98, 2),
(329, 329, 8, '2026-06-24 06:59:00', '2026-06-24 16:45:09', 575, 25),
(330, 330, 4, NULL, NULL, 0, 0),
(331, 331, 2, '2026-06-01 07:21:00', '2026-06-01 21:16:03', 862, 38),
(332, 332, 8, '2026-04-06 06:26:00', '2026-04-06 17:05:51', 573, 27),
(333, 333, 8, NULL, NULL, 0, 0),
(334, 334, 8, '2026-03-21 07:13:00', '2026-03-21 16:51:19', 953, 47),
(335, 335, 6, '2026-07-15 08:43:27', NULL, 93, 3),
(336, 336, 4, '2026-06-04 07:08:00', '2026-06-04 16:11:41', 860, 40),
(337, 337, 9, '2026-05-17 07:22:00', '2026-05-17 21:17:18', 671, 29),
(338, 338, 2, '2026-06-25 07:03:00', '2026-06-25 16:31:25', 385, 15),
(339, 339, 3, NULL, NULL, 0, 0),
(340, 340, 4, '2026-03-29 06:40:00', '2026-03-29 11:55:40', 776, 24),
(341, 341, 2, '2026-04-03 07:02:00', '2026-04-03 17:43:55', 389, 11),
(342, 342, 3, '2026-03-31 06:27:00', '2026-03-31 10:55:44', 194, 6),
(343, 343, 1, '2026-07-03 07:29:00', '2026-07-03 21:16:27', 485, 15),
(344, 344, 1, NULL, NULL, 0, 0),
(345, 345, 8, NULL, NULL, 0, 0),
(346, 346, 1, '2026-06-14 06:53:00', '2026-06-14 21:14:39', 869, 31),
(347, 347, 2, '2026-06-15 06:59:00', '2026-06-15 21:14:57', 951, 49),
(348, 348, 1, '2026-02-26 07:24:00', '2026-02-26 17:19:40', 381, 19),
(349, 349, 3, NULL, NULL, 0, 0),
(350, 350, 3, NULL, NULL, 0, 0),
(351, 351, 1, '2026-06-20 06:58:00', '2026-06-20 21:14:54', 775, 25),
(352, 352, 8, NULL, NULL, 0, 0),
(353, 353, 2, '2026-05-03 21:51:15', '2026-05-03 21:55:00', 966, 34),
(354, 354, 2, NULL, NULL, 0, 0),
(355, 355, 8, NULL, NULL, 0, 0),
(356, 356, 8, '2026-05-25 06:31:00', '2026-05-25 09:38:53', 192, 8),
(357, 357, 1, '2026-06-08 06:35:00', '2026-06-08 20:09:14', 475, 25),
(358, 358, 4, NULL, NULL, 0, 0),
(359, 359, 4, '2026-06-06 06:53:00', '2026-06-06 13:21:27', 951, 49),
(360, 360, 8, NULL, NULL, 0, 0),
(361, 361, 4, '2026-04-10 07:02:00', '2026-04-10 15:51:56', 763, 37),
(362, 362, 4, '2026-06-13 06:49:00', '2026-06-13 09:50:38', 382, 18),
(363, 363, 9, '2026-03-27 07:17:00', '2026-03-27 12:11:32', 285, 15),
(364, 364, 2, '2026-06-30 07:04:00', '2026-06-30 17:03:58', 383, 17),
(365, 365, 2, '2026-03-08 06:38:00', '2026-03-08 21:55:23', 587, 13),
(366, 366, 3, NULL, NULL, 0, 0),
(367, 367, 2, '2026-07-01 07:32:00', '2026-07-01 15:01:52', 292, 8),
(368, 368, 2, '2026-03-23 21:40:27', '2026-03-23 21:55:00', 194, 6),
(369, 369, 2, '2026-04-18 07:19:00', '2026-04-18 10:10:39', 96, 4),
(370, 370, 8, '2026-02-25 07:09:00', '2026-02-25 13:15:36', 387, 13),
(371, 371, 2, '2026-03-19 07:32:00', '2026-03-19 21:16:36', 682, 18),
(372, 372, 4, '2026-03-05 06:39:00', '2026-03-05 10:34:25', 584, 16),
(373, 373, 1, '2026-04-23 09:34:07', '2026-04-23 17:42:02', 291, 9),
(374, 374, 3, '2026-03-30 07:12:00', '2026-03-30 14:50:13', 290, 10),
(375, 375, 1, '2026-05-21 06:47:00', '2026-05-21 14:49:30', 285, 15),
(376, 376, 7, '2026-07-15 08:43:35', NULL, 39, 1),
(377, 377, 3, '2026-07-07 07:30:00', '2026-07-07 21:16:30', 573, 27),
(378, 378, 8, NULL, NULL, 0, 0),
(379, 379, 2, '2026-06-16 07:18:00', '2026-06-16 21:15:54', 763, 37),
(380, 380, 8, '2026-03-22 07:06:00', '2026-03-22 14:55:12', 383, 17),
(381, 381, 8, '2026-04-19 07:41:14', '2026-04-19 16:50:39', 955, 45),
(382, 382, 8, NULL, NULL, 0, 0),
(383, 383, 4, NULL, NULL, 0, 0),
(384, 384, 7, '2026-05-20 06:40:00', '2026-05-20 09:15:21', 97, 3),
(385, 385, 1, '2026-03-09 07:19:00', '2026-03-09 14:13:37', 286, 14),
(386, 386, 1, NULL, NULL, 0, 0),
(387, 387, 1, '2026-05-02 06:56:00', '2026-05-02 21:14:48', 966, 34),
(388, 388, 8, '2026-07-15 10:46:23', NULL, 41, 1),
(389, 389, 4, '2026-05-23 06:46:00', '2026-05-23 11:53:12', 488, 12),
(390, 390, 5, '2026-05-08 06:36:00', '2026-05-08 15:18:26', 485, 15),
(391, 391, 3, '2026-05-10 07:08:00', '2026-05-10 21:15:24', 869, 31),
(392, 392, 8, NULL, NULL, 0, 0),
(393, 393, 4, '2026-02-20 06:22:00', '2026-02-20 10:45:55', 477, 23),
(394, 394, 9, '2026-07-15 08:17:07', NULL, 191, 6),
(395, 395, 8, '2026-02-16 07:19:00', '2026-02-16 11:30:00', 196, 4),
(396, 396, 2, '2026-05-26 07:13:00', '2026-05-26 21:15:39', 961, 39),
(397, 397, 1, '2026-07-15 15:06:48', '2026-07-15 21:39:20', 381, 19),
(398, 398, 7, '2026-06-02 06:40:00', '2026-06-02 21:14:00', 577, 23),
(399, 399, 1, '2026-05-27 07:18:00', '2026-05-27 21:15:54', 951, 49),
(400, 400, 2, '2026-05-18 07:14:00', '2026-05-18 11:05:58', 97, 3),
(401, 401, 1, NULL, NULL, 0, 0),
(402, 402, 8, '2026-02-19 07:00:00', '2026-02-19 16:38:43', 685, 15),
(403, 403, 8, '2026-02-21 07:22:00', '2026-02-21 11:01:20', 190, 10),
(404, 404, 1, '2026-04-26 06:41:00', '2026-04-26 14:14:15', 290, 10),
(405, 405, 3, '2026-04-25 22:01:51', '2026-04-25 22:31:51', 977, 23),
(406, 406, 3, NULL, NULL, 0, 0),
(407, 407, 3, '2026-04-21 06:31:00', '2026-04-21 21:47:08', 489, 11),
(408, 408, 2, '2026-06-07 07:16:00', '2026-06-07 21:15:48', 967, 33),
(409, 409, 8, '2026-02-22 06:39:00', '2026-02-22 09:31:01', 286, 14),
(410, 410, 8, '2026-04-28 07:15:00', '2026-04-28 21:15:45', 865, 35),
(411, 411, 1, '2026-03-26 07:27:00', '2026-03-26 21:16:21', 676, 24),
(412, 412, 4, '2026-03-04 07:03:00', '2026-03-04 10:51:55', 486, 14),
(413, 413, 4, NULL, NULL, 0, 0),
(414, 414, 8, '2026-06-27 06:28:00', '2026-06-27 12:49:37', 584, 16),
(415, 415, 4, '2026-07-13 06:32:00', '2026-07-13 07:51:21', 192, 8),
(416, 416, 8, '2026-04-16 07:00:00', '2026-04-16 11:31:05', 290, 10),
(417, 417, 8, '2026-04-04 07:11:00', '2026-04-04 11:37:28', 194, 6),
(418, 418, 4, NULL, NULL, 0, 0),
(419, 419, 8, '2026-04-20 07:12:00', '2026-04-20 14:04:18', 384, 16),
(420, 420, 2, NULL, NULL, 0, 0),
(421, 421, 2, NULL, NULL, 0, 0),
(422, 422, 8, '2026-05-24 06:45:00', '2026-05-24 20:10:53', 976, 24),
(423, 423, 3, '2026-06-29 07:05:00', '2026-06-29 21:15:15', 782, 18),
(424, 424, 4, '2026-04-01 06:20:00', '2026-04-01 11:33:45', 481, 19),
(425, 425, 1, '2026-04-12 07:28:00', '2026-04-12 10:48:20', 97, 3),
(426, 426, 4, NULL, NULL, 0, 0),
(427, 427, 7, '2026-04-30 07:14:00', '2026-04-30 21:15:42', 582, 18),
(428, 428, 4, '2026-04-17 06:44:00', '2026-04-17 11:12:20', 392, 8),
(429, 429, 4, '2026-02-15 07:15:00', '2026-02-15 15:24:26', 881, 19),
(430, 430, 4, NULL, NULL, 0, 0),
(431, 431, 3, '2026-04-13 22:36:56', '2026-04-13 23:06:56', 975, 25),
(432, 432, 9, '2026-04-27 07:02:00', '2026-04-27 08:02:29', 96, 4),
(433, 433, 3, '2026-05-12 06:55:00', '2026-05-12 21:14:45', 964, 36),
(434, 434, 1, '2026-02-17 06:56:00', '2026-02-17 21:14:48', 570, 30),
(435, 435, 3, NULL, NULL, 0, 0),
(436, 436, 5, '2026-03-06 06:59:00', '2026-03-06 12:01:51', 779, 21),
(437, 437, 1, '2026-03-12 06:42:00', '2026-03-12 21:14:06', 767, 33),
(438, 438, 2, NULL, NULL, 0, 0),
(439, 439, 8, NULL, NULL, 0, 0),
(440, 440, 3, '2026-03-17 07:02:00', '2026-03-17 17:04:52', 383, 17),
(441, 441, 8, '2026-06-18 06:52:00', '2026-06-18 16:06:44', 683, 17),
(442, 442, 8, '2026-05-07 07:03:00', '2026-05-07 08:35:45', 98, 2),
(443, 443, 3, '2026-07-02 06:54:00', '2026-07-02 10:33:48', 98, 2),
(444, 444, 2, '2026-03-28 07:13:00', '2026-03-28 21:15:39', 680, 20),
(445, 445, 4, '2026-03-11 07:00:00', '2026-03-11 10:34:50', 290, 10),
(446, 446, 3, NULL, NULL, 0, 0),
(447, 447, 3, '2026-02-27 06:51:00', '2026-02-27 14:36:42', 291, 9),
(448, 448, 8, '2026-06-12 06:31:00', '2026-06-12 14:58:53', 674, 26),
(449, 449, 8, '2026-03-02 07:05:00', '2026-03-02 16:08:28', 489, 11),
(450, 450, 8, '2026-04-08 06:52:00', '2026-04-08 17:32:24', 764, 36),
(451, 451, 4, '2026-05-19 06:24:00', '2026-05-19 10:24:21', 574, 26),
(452, 452, 8, '2026-03-10 07:21:00', '2026-03-10 21:16:03', 667, 33),
(453, 453, 1, '2026-07-15 12:18:26', NULL, 120, 4),
(454, 454, 1, NULL, NULL, 0, 0),
(455, 455, 1, '2026-05-01 06:57:00', '2026-05-01 21:14:51', 963, 37),
(456, 456, 1, '2026-05-13 07:24:00', '2026-05-13 19:40:44', 476, 24),
(457, 457, 8, NULL, NULL, 0, 0),
(458, 458, 8, NULL, NULL, 0, 0),
(459, 459, 1, '2026-04-14 07:15:00', '2026-04-14 21:15:45', 866, 34),
(460, 460, 8, NULL, NULL, 0, 0),
(461, 461, 2, NULL, NULL, 0, 0),
(462, 462, 2, NULL, NULL, 0, 0),
(463, 463, 8, '2026-03-14 07:17:00', '2026-03-14 18:33:47', 770, 30),
(464, 464, 8, '2026-05-09 06:33:00', '2026-05-09 18:33:28', 479, 21),
(465, 465, 2, '2026-07-15 13:05:23', NULL, 42, 1),
(466, 466, 4, '2026-02-23 06:45:00', '2026-02-23 12:04:04', 574, 26),
(467, 467, 1, '2026-03-18 06:35:00', '2026-03-18 21:13:45', 963, 37),
(468, 468, 4, NULL, NULL, 0, 0),
(469, 469, 8, '2026-06-21 18:41:40', '2026-06-21 21:50:05', 384, 16),
(470, 470, 2, NULL, NULL, 0, 0),
(471, 471, 2, '2026-03-16 07:30:00', '2026-03-16 21:16:30', 581, 19),
(472, 472, 8, '2026-07-12 07:19:00', '2026-07-12 11:27:06', 286, 14),
(473, 473, 1, '2026-05-30 07:20:00', '2026-05-30 10:40:44', 96, 4),
(474, 474, 8, '2026-04-02 06:29:00', '2026-04-02 09:24:27', 289, 11),
(475, 475, 4, NULL, NULL, 0, 0),
(476, 476, 8, '2026-05-04 06:41:00', '2026-05-04 15:40:21', 581, 19),
(477, 477, 4, NULL, NULL, 0, 0),
(478, 478, 2, NULL, NULL, 0, 0),
(479, 479, 9, '2026-07-04 06:25:00', '2026-07-04 08:01:49', 96, 4),
(480, 480, 2, '2026-07-14 07:17:00', '2026-07-14 21:15:51', 477, 23),
(481, 481, 3, '2026-07-08 06:45:00', '2026-07-08 09:18:20', 96, 4),
(482, 482, 1, '2026-06-19 18:22:02', '2026-06-19 21:49:06', 857, 43),
(483, 483, 1, '2026-03-01 06:56:00', '2026-03-01 18:18:25', 289, 11),
(484, 484, 5, '2026-06-10 06:45:00', '2026-06-10 11:38:41', 783, 17),
(485, 485, 1, '2026-06-05 06:47:00', '2026-06-05 21:14:21', 577, 23),
(486, 486, 1, NULL, NULL, 0, 0),
(487, 487, 8, '2026-06-11 06:58:00', '2026-06-11 18:34:07', 670, 30),
(488, 488, 9, '2026-04-29 07:07:00', '2026-04-29 08:08:04', 97, 3),
(489, 489, 3, NULL, NULL, 0, 0),
(490, 490, 9, '2026-04-09 06:48:00', '2026-04-09 12:33:40', 287, 13),
(491, 491, 4, '2026-03-25 06:54:00', '2026-03-25 08:33:19', 193, 7),
(492, 492, 3, '2026-06-17 07:18:00', '2026-06-17 09:28:47', 97, 3),
(493, 493, 8, NULL, NULL, 0, 0),
(494, 494, 2, '2026-05-31 06:41:00', '2026-05-31 21:14:03', 773, 27),
(495, 495, 3, '2026-06-28 06:39:00', '2026-06-28 21:58:10', 573, 27),
(496, 496, 8, '2026-06-23 09:35:22', '2026-06-23 15:02:25', 479, 21),
(497, 497, 3, '2026-06-03 07:25:00', '2026-06-03 14:27:35', 195, 5),
(498, 498, 2, NULL, NULL, 0, 0),
(499, 499, 3, '2026-05-05 07:26:00', '2026-05-05 21:16:18', 767, 33),
(500, 500, 4, NULL, NULL, 0, 0);

-- Defect (1199)
INSERT INTO Defect (productionId, defectType, qty) VALUES
(1, 'BURR', 15),
(1, 'COLOR_ERROR', 7),
(2, 'BURR', 1),
(2, 'SCRATCH', 23),
(3, 'CONTAMINATION', 13),
(3, 'CRACK', 1),
(3, 'BURR', 2),
(3, 'SCRATCH', 1),
(3, 'COLOR_ERROR', 2),
(4, 'SIZE_ERROR', 4),
(4, 'SCRATCH', 8),
(4, 'BURR', 1),
(4, 'CRACK', 1),
(5, 'SCRATCH', 14),
(5, 'BURR', 24),
(6, 'CONTAMINATION', 6),
(6, 'BURR', 3),
(7, 'BURR', 30),
(7, 'SIZE_ERROR', 8),
(8, 'SIZE_ERROR', 11),
(8, 'COLOR_ERROR', 2),
(8, 'CONTAMINATION', 2),
(8, 'BURR', 3),
(8, 'CRACK', 1),
(11, 'BURR', 3),
(11, 'SIZE_ERROR', 1),
(11, 'CRACK', 1),
(11, 'CONTAMINATION', 1),
(11, 'SCRATCH', 1),
(12, 'CONTAMINATION', 1),
(12, 'BURR', 5),
(12, 'COLOR_ERROR', 2),
(12, 'SIZE_ERROR', 1),
(13, 'COLOR_ERROR', 11),
(13, 'CONTAMINATION', 5),
(13, 'SCRATCH', 5),
(13, 'BURR', 3),
(14, 'CRACK', 10),
(14, 'COLOR_ERROR', 20),
(14, 'CONTAMINATION', 1),
(14, 'SIZE_ERROR', 7),
(14, 'BURR', 2),
(15, 'CONTAMINATION', 1),
(15, 'CRACK', 1),
(15, 'SCRATCH', 1),
(17, 'CONTAMINATION', 5),
(17, 'SCRATCH', 30),
(18, 'BURR', 5),
(18, 'SIZE_ERROR', 1),
(18, 'COLOR_ERROR', 1),
(18, 'CRACK', 1),
(19, 'COLOR_ERROR', 1),
(19, 'SCRATCH', 2),
(20, 'SCRATCH', 10),
(20, 'SIZE_ERROR', 12),
(22, 'SCRATCH', 1),
(22, 'BURR', 21),
(23, 'SIZE_ERROR', 1),
(23, 'COLOR_ERROR', 3),
(23, 'CRACK', 2),
(23, 'BURR', 11),
(23, 'SCRATCH', 5),
(24, 'SCRATCH', 3),
(24, 'CRACK', 14),
(26, 'CRACK', 19),
(26, 'COLOR_ERROR', 3),
(26, 'BURR', 2),
(26, 'CONTAMINATION', 1),
(29, 'SIZE_ERROR', 16),
(29, 'CONTAMINATION', 3),
(29, 'BURR', 1),
(29, 'SCRATCH', 1),
(29, 'CRACK', 1),
(30, 'SCRATCH', 14),
(30, 'CONTAMINATION', 4),
(30, 'SIZE_ERROR', 10),
(31, 'BURR', 10),
(31, 'COLOR_ERROR', 6),
(31, 'CRACK', 7),
(32, 'BURR', 3),
(33, 'CONTAMINATION', 2),
(35, 'SCRATCH', 14),
(35, 'CONTAMINATION', 1),
(35, 'COLOR_ERROR', 1),
(36, 'COLOR_ERROR', 1),
(36, 'SCRATCH', 10),
(36, 'BURR', 3),
(37, 'CRACK', 27),
(37, 'SCRATCH', 1),
(37, 'SIZE_ERROR', 2),
(37, 'CONTAMINATION', 2),
(37, 'BURR', 3),
(39, 'SCRATCH', 2),
(39, 'CRACK', 2),
(40, 'SIZE_ERROR', 3),
(40, 'BURR', 11),
(40, 'CONTAMINATION', 4),
(41, 'BURR', 1),
(41, 'CONTAMINATION', 20),
(42, 'SIZE_ERROR', 2),
(42, 'SCRATCH', 1),
(42, 'COLOR_ERROR', 1),
(42, 'CONTAMINATION', 1),
(42, 'CRACK', 2),
(43, 'CRACK', 1),
(43, 'CONTAMINATION', 16),
(43, 'SCRATCH', 1),
(43, 'SIZE_ERROR', 1),
(44, 'SCRATCH', 6),
(44, 'COLOR_ERROR', 1),
(44, 'CONTAMINATION', 9),
(46, 'SIZE_ERROR', 7),
(46, 'BURR', 1),
(46, 'CRACK', 1),
(46, 'SCRATCH', 1),
(47, 'CONTAMINATION', 4),
(47, 'SCRATCH', 5),
(49, 'CRACK', 2),
(49, 'SCRATCH', 8),
(51, 'BURR', 1),
(51, 'CONTAMINATION', 1),
(54, 'SIZE_ERROR', 2),
(54, 'BURR', 5),
(54, 'SCRATCH', 2),
(54, 'COLOR_ERROR', 2),
(55, 'SCRATCH', 1),
(55, 'COLOR_ERROR', 3),
(55, 'BURR', 14),
(56, 'CRACK', 7),
(56, 'SCRATCH', 13),
(57, 'BURR', 2),
(57, 'SCRATCH', 3),
(57, 'CONTAMINATION', 2),
(57, 'CRACK', 1),
(60, 'BURR', 1),
(60, 'COLOR_ERROR', 9),
(60, 'CRACK', 7),
(60, 'CONTAMINATION', 7),
(62, 'SCRATCH', 9),
(62, 'COLOR_ERROR', 1),
(62, 'CONTAMINATION', 3),
(64, 'SCRATCH', 11),
(64, 'CONTAMINATION', 4),
(65, 'SIZE_ERROR', 21),
(65, 'BURR', 5),
(66, 'SCRATCH', 15),
(66, 'COLOR_ERROR', 5),
(66, 'CRACK', 1),
(66, 'BURR', 3),
(66, 'SIZE_ERROR', 1),
(67, 'SCRATCH', 2),
(68, 'SIZE_ERROR', 11),
(68, 'BURR', 4),
(68, 'COLOR_ERROR', 1),
(68, 'SCRATCH', 1),
(69, 'SIZE_ERROR', 7),
(69, 'COLOR_ERROR', 4),
(69, 'CONTAMINATION', 1),
(69, 'SCRATCH', 1),
(69, 'BURR', 4),
(70, 'SIZE_ERROR', 6),
(70, 'SCRATCH', 12),
(70, 'BURR', 4),
(72, 'SCRATCH', 8),
(72, 'BURR', 4),
(75, 'SCRATCH', 1),
(75, 'CONTAMINATION', 1),
(75, 'BURR', 1),
(76, 'CRACK', 29),
(76, 'CONTAMINATION', 1),
(76, 'BURR', 2),
(76, 'SCRATCH', 2),
(77, 'CRACK', 14),
(77, 'SIZE_ERROR', 3),
(77, 'SCRATCH', 7),
(78, 'BURR', 9),
(78, 'CRACK', 11),
(80, 'CONTAMINATION', 2),
(80, 'SCRATCH', 2),
(80, 'COLOR_ERROR', 4),
(81, 'CRACK', 24),
(81, 'SCRATCH', 12),
(81, 'COLOR_ERROR', 4),
(81, 'SIZE_ERROR', 4),
(81, 'CONTAMINATION', 3),
(84, 'SCRATCH', 13),
(84, 'SIZE_ERROR', 13),
(87, 'CRACK', 3),
(87, 'CONTAMINATION', 3),
(88, 'BURR', 1),
(88, 'CONTAMINATION', 1),
(89, 'COLOR_ERROR', 1),
(89, 'SCRATCH', 1),
(89, 'SIZE_ERROR', 1),
(89, 'CONTAMINATION', 1),
(89, 'CRACK', 1),
(90, 'CONTAMINATION', 3),
(90, 'SIZE_ERROR', 7),
(90, 'CRACK', 2),
(91, 'COLOR_ERROR', 15),
(91, 'SCRATCH', 5),
(91, 'SIZE_ERROR', 1),
(91, 'CONTAMINATION', 4),
(92, 'CRACK', 9),
(92, 'COLOR_ERROR', 1),
(96, 'SIZE_ERROR', 1),
(96, 'BURR', 1),
(97, 'CONTAMINATION', 2),
(97, 'SCRATCH', 3),
(97, 'CRACK', 3),
(98, 'SIZE_ERROR', 8),
(98, 'COLOR_ERROR', 15),
(98, 'CONTAMINATION', 11),
(98, 'SCRATCH', 5),
(100, 'BURR', 12),
(100, 'CRACK', 1),
(100, 'CONTAMINATION', 1),
(100, 'COLOR_ERROR', 4),
(100, 'SIZE_ERROR', 3),
(101, 'SIZE_ERROR', 6),
(101, 'BURR', 6),
(101, 'CONTAMINATION', 3),
(101, 'COLOR_ERROR', 1),
(102, 'CONTAMINATION', 1),
(102, 'COLOR_ERROR', 2),
(102, 'BURR', 4),
(104, 'CONTAMINATION', 5),
(104, 'COLOR_ERROR', 4),
(104, 'SCRATCH', 5),
(104, 'CRACK', 1),
(104, 'SIZE_ERROR', 1),
(105, 'SIZE_ERROR', 2),
(105, 'SCRATCH', 1),
(105, 'CRACK', 1),
(106, 'CRACK', 10),
(106, 'COLOR_ERROR', 1),
(106, 'SIZE_ERROR', 1),
(106, 'SCRATCH', 4),
(106, 'BURR', 1),
(107, 'CRACK', 2),
(107, 'SIZE_ERROR', 3),
(107, 'SCRATCH', 4),
(108, 'CRACK', 7),
(108, 'COLOR_ERROR', 8),
(108, 'SIZE_ERROR', 1),
(108, 'SCRATCH', 2),
(108, 'CONTAMINATION', 3),
(109, 'CRACK', 8),
(109, 'COLOR_ERROR', 1),
(109, 'SCRATCH', 12),
(109, 'CONTAMINATION', 3),
(110, 'CRACK', 2),
(112, 'CONTAMINATION', 12),
(112, 'BURR', 9),
(112, 'CRACK', 6),
(113, 'CONTAMINATION', 1),
(113, 'SIZE_ERROR', 6),
(113, 'COLOR_ERROR', 4),
(113, 'CRACK', 2),
(114, 'CONTAMINATION', 7),
(114, 'SIZE_ERROR', 4),
(114, 'CRACK', 8),
(114, 'SCRATCH', 8),
(115, 'SCRATCH', 7),
(115, 'CRACK', 8),
(115, 'BURR', 6),
(115, 'CONTAMINATION', 1),
(115, 'COLOR_ERROR', 1),
(116, 'CONTAMINATION', 1),
(116, 'COLOR_ERROR', 14),
(116, 'SIZE_ERROR', 2),
(117, 'CONTAMINATION', 30),
(117, 'BURR', 7),
(118, 'CONTAMINATION', 20),
(118, 'COLOR_ERROR', 1),
(118, 'BURR', 5),
(118, 'SCRATCH', 6),
(120, 'SCRATCH', 5),
(120, 'SIZE_ERROR', 12),
(120, 'CONTAMINATION', 8),
(120, 'BURR', 2),
(121, 'SCRATCH', 1),
(121, 'CRACK', 18),
(121, 'BURR', 3),
(122, 'SCRATCH', 2),
(122, 'CRACK', 1),
(122, 'COLOR_ERROR', 1),
(123, 'CRACK', 12),
(123, 'SIZE_ERROR', 4),
(123, 'COLOR_ERROR', 4),
(123, 'SCRATCH', 1),
(123, 'BURR', 2),
(124, 'CONTAMINATION', 16),
(124, 'SCRATCH', 3),
(124, 'COLOR_ERROR', 3),
(124, 'BURR', 2),
(124, 'SIZE_ERROR', 1),
(125, 'CRACK', 22),
(125, 'SIZE_ERROR', 4),
(125, 'SCRATCH', 2),
(125, 'COLOR_ERROR', 5),
(125, 'BURR', 2),
(126, 'CONTAMINATION', 1),
(126, 'CRACK', 9),
(126, 'BURR', 1),
(126, 'SCRATCH', 1),
(126, 'SIZE_ERROR', 3),
(128, 'CONTAMINATION', 2),
(128, 'SCRATCH', 7),
(128, 'COLOR_ERROR', 1),
(128, 'BURR', 6),
(129, 'CRACK', 16),
(129, 'CONTAMINATION', 3),
(130, 'SIZE_ERROR', 7),
(130, 'COLOR_ERROR', 4),
(130, 'CRACK', 3),
(130, 'BURR', 2),
(130, 'SCRATCH', 1),
(131, 'CRACK', 4),
(131, 'SIZE_ERROR', 1),
(131, 'COLOR_ERROR', 21),
(132, 'COLOR_ERROR', 12),
(132, 'CONTAMINATION', 1),
(132, 'CRACK', 1),
(132, 'BURR', 1),
(132, 'SCRATCH', 1),
(133, 'SCRATCH', 33),
(133, 'CONTAMINATION', 2),
(133, 'BURR', 1),
(134, 'SIZE_ERROR', 7),
(134, 'BURR', 3),
(134, 'CONTAMINATION', 1),
(134, 'CRACK', 1),
(134, 'SCRATCH', 2),
(135, 'SIZE_ERROR', 12),
(135, 'BURR', 5),
(135, 'SCRATCH', 2),
(136, 'SCRATCH', 4),
(136, 'CONTAMINATION', 19),
(137, 'SIZE_ERROR', 14),
(137, 'CRACK', 4),
(137, 'BURR', 4),
(137, 'CONTAMINATION', 2),
(138, 'BURR', 2),
(138, 'SCRATCH', 2),
(139, 'SCRATCH', 42),
(139, 'SIZE_ERROR', 2),
(139, 'COLOR_ERROR', 5),
(140, 'SIZE_ERROR', 1),
(140, 'CONTAMINATION', 5),
(140, 'BURR', 1),
(143, 'CONTAMINATION', 12),
(143, 'COLOR_ERROR', 8),
(145, 'BURR', 8),
(145, 'CRACK', 5),
(145, 'CONTAMINATION', 3),
(145, 'COLOR_ERROR', 1),
(145, 'SIZE_ERROR', 1),
(146, 'BURR', 4),
(146, 'SCRATCH', 4),
(147, 'BURR', 7),
(147, 'SCRATCH', 3),
(147, 'COLOR_ERROR', 12),
(148, 'CRACK', 21),
(148, 'BURR', 4),
(148, 'SCRATCH', 1),
(148, 'SIZE_ERROR', 1),
(151, 'SIZE_ERROR', 5),
(151, 'SCRATCH', 12),
(152, 'SIZE_ERROR', 2),
(152, 'SCRATCH', 18),
(152, 'BURR', 8),
(153, 'CRACK', 6),
(153, 'CONTAMINATION', 2),
(153, 'SCRATCH', 3),
(153, 'BURR', 1),
(154, 'COLOR_ERROR', 7),
(154, 'CRACK', 6),
(154, 'BURR', 2),
(154, 'SIZE_ERROR', 1),
(154, 'SCRATCH', 1),
(155, 'SIZE_ERROR', 17),
(155, 'SCRATCH', 8),
(156, 'SCRATCH', 2),
(157, 'BURR', 2),
(157, 'SCRATCH', 1),
(157, 'COLOR_ERROR', 1),
(158, 'SIZE_ERROR', 1),
(158, 'SCRATCH', 1),
(158, 'CRACK', 1),
(158, 'CONTAMINATION', 13),
(159, 'SCRATCH', 3),
(159, 'SIZE_ERROR', 1),
(160, 'BURR', 20),
(160, 'SCRATCH', 15),
(160, 'CONTAMINATION', 1),
(160, 'COLOR_ERROR', 1),
(160, 'CRACK', 1),
(161, 'BURR', 10),
(161, 'SIZE_ERROR', 2),
(161, 'CRACK', 3),
(161, 'COLOR_ERROR', 2),
(162, 'COLOR_ERROR', 8),
(162, 'BURR', 2),
(162, 'SCRATCH', 1),
(162, 'CONTAMINATION', 7),
(162, 'CRACK', 4),
(163, 'SIZE_ERROR', 1),
(163, 'CRACK', 2),
(165, 'SIZE_ERROR', 12),
(165, 'SCRATCH', 20),
(166, 'BURR', 2),
(166, 'SCRATCH', 3),
(166, 'SIZE_ERROR', 7),
(169, 'CONTAMINATION', 1),
(169, 'COLOR_ERROR', 1),
(169, 'SCRATCH', 1),
(169, 'BURR', 2),
(170, 'COLOR_ERROR', 4),
(170, 'CRACK', 10),
(170, 'SCRATCH', 1),
(173, 'SCRATCH', 7),
(173, 'BURR', 5),
(173, 'SIZE_ERROR', 1),
(173, 'CONTAMINATION', 7),
(177, 'CRACK', 42),
(177, 'CONTAMINATION', 1),
(177, 'SCRATCH', 4),
(177, 'BURR', 1),
(177, 'SIZE_ERROR', 2),
(178, 'COLOR_ERROR', 22),
(178, 'CONTAMINATION', 4),
(178, 'SIZE_ERROR', 18),
(180, 'CONTAMINATION', 25),
(180, 'BURR', 2),
(181, 'SCRATCH', 2),
(181, 'BURR', 5),
(181, 'COLOR_ERROR', 4),
(181, 'CONTAMINATION', 4),
(182, 'SCRATCH', 6),
(182, 'CONTAMINATION', 1),
(182, 'BURR', 1),
(183, 'CRACK', 7),
(183, 'COLOR_ERROR', 1),
(184, 'SCRATCH', 2),
(184, 'CRACK', 4),
(185, 'BURR', 16),
(185, 'COLOR_ERROR', 3),
(185, 'SIZE_ERROR', 3),
(186, 'SCRATCH', 2),
(186, 'SIZE_ERROR', 4),
(187, 'SIZE_ERROR', 23),
(187, 'CRACK', 4),
(187, 'BURR', 6),
(188, 'CONTAMINATION', 2),
(188, 'SCRATCH', 5),
(188, 'BURR', 5),
(188, 'SIZE_ERROR', 6),
(189, 'BURR', 10),
(189, 'CONTAMINATION', 31),
(190, 'CONTAMINATION', 7),
(190, 'SCRATCH', 5),
(191, 'SIZE_ERROR', 15),
(191, 'BURR', 2),
(191, 'CRACK', 2),
(191, 'COLOR_ERROR', 1),
(191, 'CONTAMINATION', 1),
(192, 'SCRATCH', 11),
(192, 'BURR', 2),
(192, 'COLOR_ERROR', 5),
(193, 'CONTAMINATION', 7),
(193, 'SCRATCH', 11),
(194, 'BURR', 19),
(194, 'SIZE_ERROR', 3),
(194, 'CONTAMINATION', 4),
(195, 'CRACK', 2),
(195, 'BURR', 2),
(197, 'SIZE_ERROR', 2),
(197, 'SCRATCH', 9),
(197, 'CRACK', 4),
(197, 'CONTAMINATION', 1),
(198, 'SCRATCH', 5),
(198, 'COLOR_ERROR', 2),
(198, 'SIZE_ERROR', 3),
(199, 'CRACK', 10),
(199, 'CONTAMINATION', 1),
(201, 'CONTAMINATION', 1),
(201, 'BURR', 2),
(201, 'COLOR_ERROR', 2),
(201, 'SIZE_ERROR', 1),
(201, 'CRACK', 3),
(202, 'BURR', 15),
(202, 'CONTAMINATION', 2),
(202, 'COLOR_ERROR', 6),
(202, 'SIZE_ERROR', 1),
(202, 'CRACK', 1),
(203, 'CONTAMINATION', 12),
(203, 'SCRATCH', 10),
(206, 'CONTAMINATION', 5),
(206, 'SIZE_ERROR', 2),
(206, 'CRACK', 3),
(206, 'BURR', 11),
(207, 'SCRATCH', 3),
(207, 'CONTAMINATION', 2),
(207, 'CRACK', 3),
(209, 'SCRATCH', 26),
(209, 'CONTAMINATION', 15),
(210, 'SIZE_ERROR', 6),
(210, 'SCRATCH', 1),
(210, 'BURR', 15),
(211, 'BURR', 10),
(211, 'SIZE_ERROR', 7),
(211, 'CRACK', 18),
(212, 'SIZE_ERROR', 14),
(212, 'CRACK', 8),
(214, 'SCRATCH', 1),
(214, 'SIZE_ERROR', 1),
(214, 'CRACK', 1),
(215, 'BURR', 9),
(215, 'SIZE_ERROR', 6),
(215, 'CONTAMINATION', 4),
(215, 'CRACK', 1),
(216, 'SIZE_ERROR', 25),
(216, 'BURR', 2),
(217, 'SIZE_ERROR', 11),
(217, 'CRACK', 8),
(217, 'COLOR_ERROR', 4),
(217, 'CONTAMINATION', 1),
(219, 'COLOR_ERROR', 13),
(219, 'BURR', 1),
(220, 'CONTAMINATION', 3),
(220, 'SIZE_ERROR', 6),
(221, 'SIZE_ERROR', 8),
(221, 'SCRATCH', 1),
(221, 'COLOR_ERROR', 5),
(221, 'CRACK', 1),
(221, 'CONTAMINATION', 1),
(223, 'CONTAMINATION', 16),
(223, 'SCRATCH', 4),
(223, 'BURR', 3),
(224, 'SCRATCH', 1),
(224, 'CONTAMINATION', 1),
(225, 'BURR', 7),
(225, 'CONTAMINATION', 2),
(225, 'SCRATCH', 4),
(226, 'SIZE_ERROR', 1),
(226, 'CONTAMINATION', 8),
(226, 'CRACK', 8),
(226, 'BURR', 1),
(226, 'SCRATCH', 2),
(227, 'SIZE_ERROR', 11),
(227, 'CRACK', 1),
(227, 'CONTAMINATION', 2),
(227, 'BURR', 5),
(227, 'COLOR_ERROR', 12),
(228, 'BURR', 1),
(228, 'CONTAMINATION', 1),
(230, 'SIZE_ERROR', 8),
(230, 'CRACK', 11),
(230, 'BURR', 4),
(232, 'COLOR_ERROR', 1),
(232, 'CRACK', 22),
(233, 'SIZE_ERROR', 8),
(233, 'CONTAMINATION', 4),
(233, 'CRACK', 1),
(233, 'COLOR_ERROR', 1),
(233, 'BURR', 1),
(235, 'CRACK', 1),
(235, 'SIZE_ERROR', 6),
(237, 'COLOR_ERROR', 2),
(237, 'CRACK', 3),
(237, 'SIZE_ERROR', 1),
(238, 'SIZE_ERROR', 12),
(238, 'CONTAMINATION', 3),
(238, 'CRACK', 2),
(238, 'SCRATCH', 1),
(238, 'BURR', 1),
(239, 'SCRATCH', 1),
(239, 'CONTAMINATION', 1),
(239, 'BURR', 1),
(239, 'CRACK', 1),
(239, 'SIZE_ERROR', 1),
(240, 'CONTAMINATION', 36),
(240, 'CRACK', 8),
(243, 'CRACK', 21),
(243, 'COLOR_ERROR', 3),
(243, 'SIZE_ERROR', 2),
(243, 'CONTAMINATION', 1),
(243, 'SCRATCH', 1),
(244, 'CONTAMINATION', 1),
(244, 'SCRATCH', 1),
(244, 'BURR', 1),
(244, 'COLOR_ERROR', 2),
(245, 'CRACK', 3),
(245, 'BURR', 7),
(246, 'COLOR_ERROR', 5),
(246, 'CRACK', 1),
(246, 'CONTAMINATION', 1),
(247, 'CONTAMINATION', 4),
(247, 'COLOR_ERROR', 7),
(250, 'CRACK', 1),
(250, 'CONTAMINATION', 1),
(250, 'COLOR_ERROR', 2),
(251, 'BURR', 17),
(251, 'SIZE_ERROR', 11),
(251, 'CONTAMINATION', 14),
(252, 'SIZE_ERROR', 1),
(252, 'SCRATCH', 1),
(254, 'CRACK', 2),
(254, 'SCRATCH', 16),
(255, 'CONTAMINATION', 14),
(255, 'SCRATCH', 6),
(255, 'BURR', 1),
(255, 'SIZE_ERROR', 1),
(255, 'CRACK', 1),
(256, 'COLOR_ERROR', 2),
(256, 'CONTAMINATION', 3),
(256, 'BURR', 2),
(256, 'SIZE_ERROR', 1),
(256, 'CRACK', 3),
(258, 'COLOR_ERROR', 4),
(258, 'CRACK', 1),
(258, 'SCRATCH', 1),
(258, 'CONTAMINATION', 1),
(258, 'BURR', 3),
(260, 'SCRATCH', 9),
(260, 'CONTAMINATION', 8),
(260, 'SIZE_ERROR', 3),
(263, 'CONTAMINATION', 15),
(263, 'CRACK', 13),
(264, 'SIZE_ERROR', 3),
(265, 'CONTAMINATION', 6),
(265, 'COLOR_ERROR', 7),
(265, 'BURR', 1),
(265, 'CRACK', 2),
(265, 'SIZE_ERROR', 2),
(266, 'SIZE_ERROR', 1),
(266, 'SCRATCH', 2),
(267, 'CRACK', 7),
(267, 'SCRATCH', 12),
(267, 'COLOR_ERROR', 3),
(267, 'CONTAMINATION', 5),
(267, 'SIZE_ERROR', 3),
(268, 'CONTAMINATION', 1),
(268, 'SIZE_ERROR', 1),
(269, 'BURR', 4),
(269, 'SIZE_ERROR', 8),
(271, 'BURR', 2),
(271, 'CONTAMINATION', 2),
(271, 'COLOR_ERROR', 8),
(272, 'CONTAMINATION', 1),
(272, 'COLOR_ERROR', 10),
(272, 'SCRATCH', 5),
(272, 'BURR', 2),
(272, 'CRACK', 2),
(273, 'SCRATCH', 8),
(273, 'CRACK', 9),
(273, 'BURR', 13),
(274, 'SIZE_ERROR', 5),
(274, 'COLOR_ERROR', 13),
(275, 'COLOR_ERROR', 1),
(275, 'SIZE_ERROR', 8),
(275, 'SCRATCH', 2),
(275, 'CRACK', 2),
(275, 'CONTAMINATION', 2),
(276, 'BURR', 1),
(276, 'SIZE_ERROR', 1),
(276, 'COLOR_ERROR', 1),
(276, 'SCRATCH', 2),
(277, 'CRACK', 14),
(277, 'BURR', 15),
(277, 'SIZE_ERROR', 4),
(277, 'SCRATCH', 3),
(278, 'BURR', 2),
(278, 'CONTAMINATION', 1),
(278, 'SIZE_ERROR', 1),
(278, 'COLOR_ERROR', 1),
(278, 'CRACK', 1),
(279, 'CRACK', 2),
(279, 'SIZE_ERROR', 16),
(279, 'COLOR_ERROR', 19),
(279, 'CONTAMINATION', 4),
(279, 'BURR', 1),
(280, 'CONTAMINATION', 2),
(280, 'COLOR_ERROR', 3),
(280, 'SCRATCH', 8),
(281, 'CONTAMINATION', 7),
(281, 'SCRATCH', 1),
(282, 'BURR', 7),
(282, 'CRACK', 8),
(282, 'SIZE_ERROR', 1),
(282, 'CONTAMINATION', 1),
(285, 'SIZE_ERROR', 6),
(285, 'SCRATCH', 2),
(285, 'CRACK', 2),
(285, 'COLOR_ERROR', 2),
(286, 'COLOR_ERROR', 3),
(286, 'SIZE_ERROR', 2),
(286, 'SCRATCH', 1),
(286, 'CRACK', 1),
(286, 'CONTAMINATION', 1),
(288, 'CRACK', 13),
(288, 'CONTAMINATION', 1),
(288, 'SIZE_ERROR', 5),
(289, 'CONTAMINATION', 1),
(289, 'CRACK', 3),
(289, 'SCRATCH', 3),
(289, 'BURR', 1),
(289, 'COLOR_ERROR', 1),
(290, 'SCRATCH', 28),
(290, 'CRACK', 2),
(291, 'SIZE_ERROR', 21),
(291, 'SCRATCH', 19),
(291, 'CRACK', 5),
(292, 'SCRATCH', 5),
(292, 'COLOR_ERROR', 1),
(294, 'CRACK', 21),
(294, 'BURR', 9),
(294, 'CONTAMINATION', 1),
(294, 'SCRATCH', 4),
(297, 'CRACK', 3),
(297, 'SIZE_ERROR', 1),
(297, 'CONTAMINATION', 2),
(297, 'BURR', 2),
(297, 'COLOR_ERROR', 2),
(298, 'CONTAMINATION', 10),
(298, 'SIZE_ERROR', 2),
(298, 'CRACK', 1),
(298, 'SCRATCH', 2),
(299, 'CONTAMINATION', 5),
(299, 'SCRATCH', 10),
(299, 'CRACK', 1),
(300, 'SCRATCH', 1),
(300, 'CONTAMINATION', 1),
(300, 'SIZE_ERROR', 1),
(300, 'CRACK', 1),
(300, 'BURR', 1),
(302, 'SCRATCH', 1),
(302, 'CRACK', 20),
(303, 'SIZE_ERROR', 1),
(303, 'SCRATCH', 2),
(304, 'CRACK', 10),
(304, 'CONTAMINATION', 16),
(304, 'COLOR_ERROR', 21),
(306, 'SCRATCH', 9),
(306, 'CRACK', 1),
(307, 'CONTAMINATION', 5),
(307, 'SCRATCH', 5),
(307, 'COLOR_ERROR', 1),
(307, 'CRACK', 1),
(307, 'BURR', 3),
(308, 'CRACK', 18),
(308, 'SCRATCH', 7),
(309, 'CONTAMINATION', 1),
(309, 'COLOR_ERROR', 3),
(310, 'BURR', 6),
(310, 'SIZE_ERROR', 3),
(312, 'CRACK', 22),
(312, 'BURR', 16),
(313, 'BURR', 2),
(314, 'BURR', 17),
(314, 'COLOR_ERROR', 5),
(314, 'SCRATCH', 18),
(315, 'COLOR_ERROR', 1),
(315, 'CONTAMINATION', 1),
(315, 'BURR', 3),
(315, 'CRACK', 1),
(316, 'SCRATCH', 20),
(316, 'SIZE_ERROR', 9),
(316, 'BURR', 16),
(317, 'SIZE_ERROR', 1),
(317, 'COLOR_ERROR', 10),
(318, 'CONTAMINATION', 1),
(318, 'BURR', 4),
(319, 'SIZE_ERROR', 2),
(321, 'SCRATCH', 7),
(321, 'CRACK', 3),
(321, 'SIZE_ERROR', 4),
(321, 'CONTAMINATION', 2),
(321, 'BURR', 2),
(323, 'CONTAMINATION', 19),
(323, 'BURR', 14),
(327, 'CRACK', 3),
(328, 'BURR', 2),
(329, 'CRACK', 20),
(329, 'CONTAMINATION', 5),
(331, 'BURR', 28),
(331, 'CONTAMINATION', 10),
(332, 'SCRATCH', 18),
(332, 'SIZE_ERROR', 1),
(332, 'CRACK', 4),
(332, 'BURR', 1),
(332, 'COLOR_ERROR', 3),
(334, 'CONTAMINATION', 21),
(334, 'CRACK', 26),
(335, 'BURR', 2),
(335, 'SCRATCH', 1),
(336, 'SIZE_ERROR', 6),
(336, 'CONTAMINATION', 32),
(336, 'CRACK', 2),
(337, 'BURR', 6),
(337, 'SCRATCH', 4),
(337, 'CONTAMINATION', 5),
(337, 'SIZE_ERROR', 8),
(337, 'CRACK', 6),
(338, 'BURR', 7),
(338, 'SCRATCH', 8),
(340, 'COLOR_ERROR', 15),
(340, 'SCRATCH', 2),
(340, 'SIZE_ERROR', 4),
(340, 'BURR', 2),
(340, 'CRACK', 1),
(341, 'CONTAMINATION', 4),
(341, 'CRACK', 7),
(342, 'SCRATCH', 1),
(342, 'CONTAMINATION', 5),
(343, 'CONTAMINATION', 10),
(343, 'BURR', 1),
(343, 'CRACK', 2),
(343, 'SCRATCH', 1),
(343, 'SIZE_ERROR', 1),
(346, 'SCRATCH', 10),
(346, 'BURR', 6),
(346, 'COLOR_ERROR', 15),
(347, 'SIZE_ERROR', 5),
(347, 'CONTAMINATION', 14),
(347, 'BURR', 27),
(347, 'COLOR_ERROR', 3),
(348, 'SCRATCH', 5),
(348, 'BURR', 3),
(348, 'CONTAMINATION', 5),
(348, 'COLOR_ERROR', 6),
(351, 'BURR', 3),
(351, 'CRACK', 14),
(351, 'SIZE_ERROR', 3),
(351, 'SCRATCH', 5),
(353, 'SIZE_ERROR', 9),
(353, 'BURR', 11),
(353, 'CRACK', 7),
(353, 'SCRATCH', 7),
(356, 'CONTAMINATION', 3),
(356, 'CRACK', 2),
(356, 'COLOR_ERROR', 2),
(356, 'SCRATCH', 1),
(357, 'BURR', 8),
(357, 'COLOR_ERROR', 17),
(359, 'BURR', 17),
(359, 'SCRATCH', 25),
(359, 'CRACK', 4),
(359, 'COLOR_ERROR', 1),
(359, 'CONTAMINATION', 2),
(361, 'SCRATCH', 28),
(361, 'CONTAMINATION', 9),
(362, 'SIZE_ERROR', 15),
(362, 'CONTAMINATION', 1),
(362, 'COLOR_ERROR', 1),
(362, 'BURR', 1),
(363, 'BURR', 5),
(363, 'COLOR_ERROR', 7),
(363, 'CONTAMINATION', 1),
(363, 'SCRATCH', 2),
(364, 'SIZE_ERROR', 7),
(364, 'BURR', 7),
(364, 'CRACK', 2),
(364, 'SCRATCH', 1),
(365, 'CONTAMINATION', 10),
(365, 'BURR', 1),
(365, 'SCRATCH', 2),
(367, 'CRACK', 1),
(367, 'CONTAMINATION', 4),
(367, 'BURR', 1),
(367, 'SCRATCH', 1),
(367, 'COLOR_ERROR', 1),
(368, 'COLOR_ERROR', 4),
(368, 'SIZE_ERROR', 2),
(369, 'CRACK', 1),
(369, 'SIZE_ERROR', 1),
(369, 'BURR', 1),
(369, 'CONTAMINATION', 1),
(370, 'SIZE_ERROR', 9),
(370, 'BURR', 1),
(370, 'CONTAMINATION', 1),
(370, 'SCRATCH', 1),
(370, 'CRACK', 1),
(371, 'CONTAMINATION', 12),
(371, 'BURR', 2),
(371, 'COLOR_ERROR', 4),
(372, 'CRACK', 13),
(372, 'CONTAMINATION', 2),
(372, 'BURR', 1),
(373, 'CRACK', 4),
(373, 'COLOR_ERROR', 1),
(373, 'CONTAMINATION', 2),
(373, 'BURR', 1),
(373, 'SIZE_ERROR', 1),
(374, 'BURR', 3),
(374, 'SCRATCH', 3),
(374, 'COLOR_ERROR', 4),
(375, 'COLOR_ERROR', 12),
(375, 'CRACK', 2),
(375, 'SCRATCH', 1),
(376, 'SCRATCH', 1),
(377, 'SIZE_ERROR', 8),
(377, 'BURR', 11),
(377, 'CRACK', 6),
(377, 'COLOR_ERROR', 2),
(379, 'CRACK', 4),
(379, 'COLOR_ERROR', 1),
(379, 'SIZE_ERROR', 23),
(379, 'CONTAMINATION', 6),
(379, 'SCRATCH', 3),
(380, 'CONTAMINATION', 9),
(380, 'SCRATCH', 8),
(381, 'COLOR_ERROR', 8),
(381, 'CONTAMINATION', 33),
(381, 'BURR', 1),
(381, 'SCRATCH', 3),
(384, 'CONTAMINATION', 1),
(384, 'SIZE_ERROR', 1),
(384, 'COLOR_ERROR', 1),
(385, 'BURR', 2),
(385, 'COLOR_ERROR', 12),
(387, 'CRACK', 30),
(387, 'SCRATCH', 4),
(388, 'CONTAMINATION', 1),
(389, 'CRACK', 8),
(389, 'COLOR_ERROR', 4),
(390, 'CRACK', 6),
(390, 'CONTAMINATION', 2),
(390, 'SIZE_ERROR', 6),
(390, 'BURR', 1),
(391, 'CONTAMINATION', 5),
(391, 'BURR', 23),
(391, 'COLOR_ERROR', 1),
(391, 'SCRATCH', 1),
(391, 'CRACK', 1),
(393, 'BURR', 19),
(393, 'CRACK', 1),
(393, 'COLOR_ERROR', 1),
(393, 'CONTAMINATION', 1),
(393, 'SCRATCH', 1),
(394, 'COLOR_ERROR', 2),
(394, 'CONTAMINATION', 1),
(394, 'SCRATCH', 2),
(394, 'BURR', 1),
(395, 'SIZE_ERROR', 3),
(395, 'SCRATCH', 1),
(396, 'SCRATCH', 23),
(396, 'COLOR_ERROR', 7),
(396, 'SIZE_ERROR', 9),
(397, 'BURR', 13),
(397, 'SCRATCH', 2),
(397, 'COLOR_ERROR', 1),
(397, 'CONTAMINATION', 3),
(398, 'BURR', 16),
(398, 'CONTAMINATION', 7),
(399, 'BURR', 39),
(399, 'SCRATCH', 6),
(399, 'COLOR_ERROR', 4),
(400, 'BURR', 2),
(400, 'COLOR_ERROR', 1),
(402, 'BURR', 13),
(402, 'SCRATCH', 1),
(402, 'CRACK', 1),
(403, 'SIZE_ERROR', 5),
(403, 'COLOR_ERROR', 4),
(403, 'BURR', 1),
(404, 'BURR', 4),
(404, 'SIZE_ERROR', 1),
(404, 'COLOR_ERROR', 1),
(404, 'CONTAMINATION', 3),
(404, 'SCRATCH', 1),
(405, 'CONTAMINATION', 20),
(405, 'SCRATCH', 1),
(405, 'BURR', 1),
(405, 'COLOR_ERROR', 1),
(407, 'BURR', 2),
(407, 'SIZE_ERROR', 9),
(408, 'CRACK', 17),
(408, 'BURR', 16),
(409, 'CRACK', 4),
(409, 'BURR', 6),
(409, 'CONTAMINATION', 2),
(409, 'SCRATCH', 1),
(409, 'COLOR_ERROR', 1),
(410, 'SCRATCH', 3),
(410, 'CRACK', 32),
(411, 'CRACK', 6),
(411, 'SIZE_ERROR', 12),
(411, 'SCRATCH', 6),
(412, 'COLOR_ERROR', 4),
(412, 'CONTAMINATION', 5),
(412, 'SCRATCH', 1),
(412, 'SIZE_ERROR', 1),
(412, 'CRACK', 3),
(414, 'SCRATCH', 7),
(414, 'SIZE_ERROR', 7),
(414, 'COLOR_ERROR', 1),
(414, 'CRACK', 1),
(415, 'BURR', 3),
(415, 'SCRATCH', 2),
(415, 'CRACK', 1),
(415, 'CONTAMINATION', 2),
(416, 'COLOR_ERROR', 4),
(416, 'SCRATCH', 6),
(417, 'BURR', 1),
(417, 'SIZE_ERROR', 1),
(417, 'COLOR_ERROR', 1),
(417, 'CONTAMINATION', 2),
(417, 'SCRATCH', 1),
(419, 'COLOR_ERROR', 1),
(419, 'SCRATCH', 11),
(419, 'CRACK', 1),
(419, 'BURR', 2),
(419, 'SIZE_ERROR', 1),
(422, 'COLOR_ERROR', 18),
(422, 'BURR', 1),
(422, 'CRACK', 1),
(422, 'CONTAMINATION', 1),
(422, 'SCRATCH', 3),
(423, 'SIZE_ERROR', 10),
(423, 'SCRATCH', 6),
(423, 'CONTAMINATION', 1),
(423, 'COLOR_ERROR', 1),
(424, 'SCRATCH', 5),
(424, 'COLOR_ERROR', 7),
(424, 'CONTAMINATION', 7),
(425, 'BURR', 1),
(425, 'CRACK', 1),
(425, 'SCRATCH', 1),
(427, 'COLOR_ERROR', 2),
(427, 'SCRATCH', 4),
(427, 'CRACK', 4),
(427, 'BURR', 2),
(427, 'CONTAMINATION', 6),
(428, 'SIZE_ERROR', 3),
(428, 'CRACK', 1),
(428, 'BURR', 3),
(428, 'COLOR_ERROR', 1),
(429, 'CONTAMINATION', 1),
(429, 'CRACK', 10),
(429, 'SCRATCH', 7),
(429, 'COLOR_ERROR', 1),
(431, 'CONTAMINATION', 3),
(431, 'SIZE_ERROR', 22),
(432, 'CRACK', 1),
(432, 'CONTAMINATION', 1),
(432, 'SCRATCH', 1),
(432, 'SIZE_ERROR', 1),
(433, 'CONTAMINATION', 23),
(433, 'CRACK', 6),
(433, 'SCRATCH', 3),
(433, 'BURR', 3),
(433, 'SIZE_ERROR', 1),
(434, 'CONTAMINATION', 4),
(434, 'SCRATCH', 26),
(436, 'CONTAMINATION', 6),
(436, 'SCRATCH', 4),
(436, 'COLOR_ERROR', 2),
(436, 'BURR', 7),
(436, 'CRACK', 2),
(437, 'SIZE_ERROR', 16),
(437, 'COLOR_ERROR', 13),
(437, 'CONTAMINATION', 1),
(437, 'CRACK', 1),
(437, 'BURR', 2),
(440, 'COLOR_ERROR', 3),
(440, 'CONTAMINATION', 11),
(440, 'BURR', 2),
(440, 'SCRATCH', 1),
(441, 'BURR', 12),
(441, 'CRACK', 1),
(441, 'SCRATCH', 4),
(442, 'CRACK', 2),
(443, 'BURR', 2),
(444, 'SIZE_ERROR', 12),
(444, 'CONTAMINATION', 1),
(444, 'SCRATCH', 4),
(444, 'COLOR_ERROR', 3),
(445, 'BURR', 1),
(445, 'SCRATCH', 9),
(447, 'COLOR_ERROR', 5),
(447, 'SIZE_ERROR', 1),
(447, 'CONTAMINATION', 3),
(448, 'CONTAMINATION', 22),
(448, 'SIZE_ERROR', 2),
(448, 'CRACK', 2),
(449, 'COLOR_ERROR', 6),
(449, 'SCRATCH', 1),
(449, 'CONTAMINATION', 4),
(450, 'SIZE_ERROR', 9),
(450, 'BURR', 19),
(450, 'CONTAMINATION', 2),
(450, 'SCRATCH', 1),
(450, 'COLOR_ERROR', 5),
(451, 'CRACK', 9),
(451, 'SCRATCH', 17),
(452, 'COLOR_ERROR', 14),
(452, 'BURR', 2),
(452, 'SCRATCH', 7),
(452, 'SIZE_ERROR', 10),
(453, 'BURR', 1),
(453, 'SCRATCH', 3),
(455, 'CONTAMINATION', 6),
(455, 'COLOR_ERROR', 26),
(455, 'SIZE_ERROR', 5),
(456, 'CRACK', 20),
(456, 'SIZE_ERROR', 2),
(456, 'COLOR_ERROR', 2),
(459, 'SIZE_ERROR', 8),
(459, 'BURR', 26),
(463, 'BURR', 22),
(463, 'SIZE_ERROR', 3),
(463, 'CONTAMINATION', 1),
(463, 'SCRATCH', 4),
(464, 'CRACK', 18),
(464, 'SCRATCH', 3),
(465, 'BURR', 1),
(466, 'COLOR_ERROR', 19),
(466, 'BURR', 2),
(466, 'CRACK', 3),
(466, 'SCRATCH', 1),
(466, 'SIZE_ERROR', 1),
(467, 'CONTAMINATION', 16),
(467, 'CRACK', 21),
(469, 'SCRATCH', 11),
(469, 'CRACK', 1),
(469, 'BURR', 2),
(469, 'COLOR_ERROR', 1),
(469, 'CONTAMINATION', 1),
(471, 'SIZE_ERROR', 17),
(471, 'CONTAMINATION', 2),
(472, 'SCRATCH', 3),
(472, 'SIZE_ERROR', 1),
(472, 'COLOR_ERROR', 7),
(472, 'CRACK', 3),
(473, 'BURR', 2),
(473, 'SCRATCH', 2),
(474, 'CONTAMINATION', 3),
(474, 'SCRATCH', 2),
(474, 'BURR', 3),
(474, 'COLOR_ERROR', 2),
(474, 'CRACK', 1),
(476, 'SIZE_ERROR', 9),
(476, 'SCRATCH', 10),
(479, 'SCRATCH', 1),
(479, 'BURR', 3),
(480, 'SIZE_ERROR', 12),
(480, 'COLOR_ERROR', 11),
(481, 'SCRATCH', 2),
(481, 'BURR', 2),
(482, 'CONTAMINATION', 36),
(482, 'BURR', 2),
(482, 'COLOR_ERROR', 2),
(482, 'SCRATCH', 2),
(482, 'CRACK', 1),
(483, 'SCRATCH', 2),
(483, 'CRACK', 2),
(483, 'BURR', 7),
(484, 'SIZE_ERROR', 2),
(484, 'COLOR_ERROR', 3),
(484, 'SCRATCH', 8),
(484, 'CONTAMINATION', 4),
(485, 'SIZE_ERROR', 7),
(485, 'COLOR_ERROR', 16),
(487, 'BURR', 19),
(487, 'CONTAMINATION', 2),
(487, 'CRACK', 2),
(487, 'SIZE_ERROR', 2),
(487, 'COLOR_ERROR', 5),
(488, 'CRACK', 1),
(488, 'SIZE_ERROR', 1),
(488, 'SCRATCH', 1),
(490, 'CONTAMINATION', 10),
(490, 'SIZE_ERROR', 3),
(491, 'SCRATCH', 2),
(491, 'COLOR_ERROR', 1),
(491, 'CRACK', 1),
(491, 'BURR', 2),
(491, 'SIZE_ERROR', 1),
(492, 'SIZE_ERROR', 1),
(492, 'CONTAMINATION', 1),
(492, 'CRACK', 1),
(494, 'SCRATCH', 21),
(494, 'CONTAMINATION', 3),
(494, 'BURR', 1),
(494, 'COLOR_ERROR', 2),
(495, 'CONTAMINATION', 7),
(495, 'BURR', 20),
(496, 'CRACK', 4),
(496, 'SIZE_ERROR', 3),
(496, 'SCRATCH', 14),
(497, 'CONTAMINATION', 3),
(497, 'SIZE_ERROR', 2),
(499, 'SIZE_ERROR', 11),
(499, 'SCRATCH', 1),
(499, 'BURR', 1),
(499, 'COLOR_ERROR', 13),
(499, 'CONTAMINATION', 7);